smiles,sequence,label
CCN,TIGSKHEFNSSFHLPSSYPHRVWWLYCCFADHEIYLIRACVWFWISLNIIGGLWECIVEVDNVWRHCMGRRRLYCNLLWTSFYIIGNPFYDFWSMPDYVTVAD,0
CC(C)Cc1ccc(cc1)C(C)C(=O)O,GSEWCQPMVYDFAFWLSNGIQEVANDVCTNFLDESGTYTSSVANNEKVPGKLARMDSPLNTMKEWECGREWYGIQATNMWRCQDHDYHRDCKKCFQFYKLWSMWTIFYAGGTPFYEKWPVE,1
C1=CC=C(C=C1)C(=O)O,QEYMFVKRHPIRPARIKAFPLRTKEIELECCINPFPALMTSMVATLDHHYDMQAYNKTVNMVYSDYSCKFQWDPHKKEAVWVKETWIEQMNHVCLKATKNCEYDSWMILGDWYNHLYQRQSFHCWWCHIEMQIV,0
CC1(C)S[C@@H]2[C@H](NC(=O)Cc3ccccc3)C(=O)N2[C@H]1C(=O)O,CCTQIFNCYSPIAKNCYRYFIIGMPCTYQIHRGSKQLSFIGNTQYTMVSIH,1
CCCCC,LWMAHSTGGVKEYGCSRCQPMWKPRFPHRRTFYKITHLLFKCITACRMNDKTRSNMCWRQKGMVLTINIFERVGKGDYNQRCMRYYYSHYKYFMGDFRHYVQECCHWHGCCCTDADRFDGMCMMSHMDC,0
CCC,SCDHWTKRGHSCRCIFGFMATMWEQHWSVTFCAFFRISGAHNMYGWSYQSQRLPNHLCFGIEDNKSHWNLTCVAAFVNMVDADDECK,1
CCC,LWMAHSTGGVKEYGCSRCQPMWKPRFPHRRTFYKITHLLFKCITACRMNDKTRSNMCWRQKGMVLTINIFERVGKGDYNQRCMRYYYSHYKYFMGDFRHYVQECCHWHGCCCTDADRFDGMCMMSHMDC,0
CCC,YHWRHHAAYCLTASPCNEVRYDQWIMRVVLCLGGPRHMSTDHPSWPISSLMKYHYDERCGIACLCRRGNWVNIRTCMGCMLCK,0
CC1(C(N2C(S1)C(C2=O)NC(=O)C(C3=CC=C(C=C3)O)N)C(=O)O)C,ILYFQRGWNMFMTHYHHWPGGSHTSYDFVGVITFQVYGYVPENECDHLKTAFPKTAMVFAWDMMRFQTR,0
O=C(O)Cc1ccccc1,GWYGVIMTEHVDNNQTVDYLIQRTCFRCMDDCCTFSAHNKTKNSTVARTYTESSTHKLVHCGLIGDGVHYDWSYEFPNASDVNSGVSILFPDCHKLYVKMF,1
CC(C)Cc1ccc(cc1)C(C)C(=O)O,IDWLEYFKDIFDTPESDMNRNLTLSRESGMIYCICPQAREAQRSEACWYHEILHGTLWHVCAIPYIDILGTHPPYNLVQHKQMTIMCCPFFTVDTKGQDRILQSCRSNVAISQDVT,1
C1=CC=C(C=C1)C(=O)O,QEPQMNIWYEYHANHWKTMAIDSVHRCFCLIVGNATIEHIGSAEIICCMTSVWITAKNDDPNALTIISTRFMNMDIFARQFAAFWYECNYVTGEEHGAPYCLMPQSKDTIYCLSWPNQMIGFKW,0
O=C(C)O,AHTRIFYGTKTQNNRTLNYLIIDWNTGNEQQEMPHCLKYFWYNWRWTPQHKNIDAIGETGQTKLREPSTKMDNVRYIVATQKVRNSCGQQLKSSCKYHVWRTGIVGKGNFY,1
C1CC1N2C=C(C(=O)O)C3=CC(F)=C(N4CCNCC4)C=C3C2=O,QEPQMNIWYEYHANHWKTMAIDSVHRCFCLIVGNATIEHIGSAEIICCMTSVWITAKNDDPNALTIISTRFMNMDIFARQFAAFWYECNYVTGEEHGAPYCLMPQSKDTIYCLSWPNQMIGFKW,1
CCN,VELYKQPWVQHVDIELFLEECTCEAAQLFMSGEWFDMMAPSISRMVFPRESAFKMDHQFWTQWIVPVRDQNE,0
CC1=C(C=C(C=C1)NC(=O)C2=CC=C(C=C2)CN3CCN(CC3)C)NC4=NC=CC(=N4)C5=CN=CC=C5,CCTQIFNCYSPIAKNCYRYFIIGMPCTYQIHRGSKQLSFIGNTQYTMVSIH,0
CCCC,DFSQRFPMWQHIIPYCWACQLHPISVQMENKIYAYDSQLKILSEWIIKDNSGYDGSVQGGLETTLYQCCPGYKIHSASKQYICNVCEECQQVPGWIRDMGAQMIICCAIYRQTYMIDCPVF,1
CCC,YHWRHHAAYCLTASPCNEVRYDQWIMRVVLCLGGPRHMSTDHPSWPISSLMKYHYDERCGIACLCRRGNWVNIRTCMGCMLCK,0
CN1C=NC2=C1C(=O)N(C(=O)N2C)C,NGFHDTELQMMAAIEPMTVLSQSHPIWNVIRERNIYKGYADRSGAHFNNVSGKCCCLDTAWKRLAWPHIRIFNMGKENHRPLKHPCFDMLIFRWYGCIALLIPGEPRNGIWCEPYMVQDLF,0
O=C(O)Cc1ccccc1,HAMFWAHIIRILQKSMSLFDMSGKTDHSMMAGENEFETEGQNHWKIRVENCYQKVLEDYHTPPNAYQEWAVGWRIFVDKEYFRKIWCPLVDQKEATTQAYSVMLMQMPYTDGLFSLGFYVTFQFSANQMNYDFAGHK,1
CC1=C(C=C(C=C1)NC(=O)C2=CC=C(C=C2)CN3CCN(CC3)C)NC4=NC=CC(=N4)C5=CN=CC=C5,HAMFWAHIIRILQKSMSLFDMSGKTDHSMMAGENEFETEGQNHWKIRVENCYQKVLEDYHTPPNAYQEWAVGWRIFVDKEYFRKIWCPLVDQKEATTQAYSVMLMQMPYTDGLFSLGFYVTFQFSANQMNYDFAGHK,1
C1=CC=C(C=C1)C(=O)O,QFVSDKPRDIKNLNDQNEYGQRTMQSWGEYTIMFDNETPQSWPFNENCTGIMAHVSCKNRPYLEFIWCFDCQKKCQLLDKFDYGNRDL,0
CC(=O)Nc1ccc(O)cc1,GLQLVIMCWQIYIFSWGTGKWGGVWQLRSKSSTQEVAPSDMSIYADRHFFRTFAPCCEKKHAHLMLSMSVAITTKWFAYTQPPLVKKEYVRDDCPVCRSDSTRIQEWKAKMAIDWSVSYENRFEAWWECGPTK,1
c1ccccc1,DFSQRFPMWQHIIPYCWACQLHPISVQMENKIYAYDSQLKILSEWIIKDNSGYDGSVQGGLETTLYQCCPGYKIHSASKQYICNVCEECQQVPGWIRDMGAQMIICCAIYRQTYMIDCPVF,0
CCC,DMNVTRKLIIWDEDHGLPTGLWKMKAWMPMEAGALDSNHRQRKHSKMAEILRDNAPMGWGMVMFILYSWEVRWVEWDTIQFASWVEIGCINPREC,0
CCN,ELWFTWVFFNEDRAARLLFEKIKPHCRRLRHNNRHHTSCSNLDCSIKDQTKKSKSVNSLTILGEFNKGQMFREMFQCQVKHTSKKCMLHFKVPHAVVATNWITYDYRRYKYGNKKNAHDMTCRIEYLTEKGEAWCFPPRVINSHRMD,0
CCCCC,MLVGTEAVFQGIKAKVRRHDEHLVFGTPDPVHMLFQWALGNECGPPEGHMYHGENRMKTLHTDHPDWP,1
CN1C=NC2=C1C(=O)N(C(=O)N2C)C,TIGSKHEFNSSFHLPSSYPHRVWWLYCCFADHEIYLIRACVWFWISLNIIGGLWECIVEVDNVWRHCMGRRRLYCNLLWTSFYIIGNPFYDFWSMPDYVTVAD,0
c1ccccc1,GWYGVIMTEHVDNNQTVDYLIQRTCFRCMDDCCTFSAHNKTKNSTVARTYTESSTHKLVHCGLIGDGVHYDWSYEFPNASDVNSGVSILFPDCHKLYVKMF,1
CC(=O)Oc1ccccc1C(=O)O,AHAPHSYIERAGGSKMPQFFQEMQLHKPPWHTTWPFRPKRGQGRDRAWPAWPSDERHTPQWPGCHDMRTIQYLEWLMLLAIGSAHDAYSTFFYQSD,1
CC1(C(N2C(S1)C(C2=O)NC(=O)C(C3=CC=C(C=C3)O)N)C(=O)O)C,QFVSDKPRDIKNLNDQNEYGQRTMQSWGEYTIMFDNETPQSWPFNENCTGIMAHVSCKNRPYLEFIWCFDCQKKCQLLDKFDYGNRDL,1
O=C(C)O,QEYMFVKRHPIRPARIKAFPLRTKEIELECCINPFPALMTSMVATLDHHYDMQAYNKTVNMVYSDYSCKFQWDPHKKEAVWVKETWIEQMNHVCLKATKNCEYDSWMILGDWYNHLYQRQSFHCWWCHIEMQIV,0
CCO,AHAPHSYIERAGGSKMPQFFQEMQLHKPPWHTTWPFRPKRGQGRDRAWPAWPSDERHTPQWPGCHDMRTIQYLEWLMLLAIGSAHDAYSTFFYQSD,0
CC(=O)Oc1ccccc1C(=O)O,QEPQMNIWYEYHANHWKTMAIDSVHRCFCLIVGNATIEHIGSAEIICCMTSVWITAKNDDPNALTIISTRFMNMDIFARQFAAFWYECNYVTGEEHGAPYCLMPQSKDTIYCLSWPNQMIGFKW,1
CCO,TIGSKHEFNSSFHLPSSYPHRVWWLYCCFADHEIYLIRACVWFWISLNIIGGLWECIVEVDNVWRHCMGRRRLYCNLLWTSFYIIGNPFYDFWSMPDYVTVAD,0
CCCCC,YHWRHHAAYCLTASPCNEVRYDQWIMRVVLCLGGPRHMSTDHPSWPISSLMKYHYDERCGIACLCRRGNWVNIRTCMGCMLCK,0
CCO,VELYKQPWVQHVDIELFLEECTCEAAQLFMSGEWFDMMAPSISRMVFPRESAFKMDHQFWTQWIVPVRDQNE,1
CC1(C)S[C@@H]2[C@H](NC(=O)Cc3ccccc3)C(=O)N2[C@H]1C(=O)O,IDWLEYFKDIFDTPESDMNRNLTLSRESGMIYCICPQAREAQRSEACWYHEILHGTLWHVCAIPYIDILGTHPPYNLVQHKQMTIMCCPFFTVDTKGQDRILQSCRSNVAISQDVT,0
CC1(C)S[C@@H]2[C@H](NC(=O)Cc3ccccc3)C(=O)N2[C@H]1C(=O)O,GWYGVIMTEHVDNNQTVDYLIQRTCFRCMDDCCTFSAHNKTKNSTVARTYTESSTHKLVHCGLIGDGVHYDWSYEFPNASDVNSGVSILFPDCHKLYVKMF,0
CCCC,MLYQYKRFGPRHMTQFMNRLIMSFQDLRGKNEEIFESKNCTSFASYAWRRQMDHWELDLQYQKKMVTTLMSNISGVCCPGDCRRECFNCWFQEWKYKWCGPNW,1
C1=CC=C(C=C1)C2=CC=CC=C2,GPLSQKDEPFVKTQSYAMQTGHQTWDKQRDWDLKRMPVPEGITHESLEDCCGTLPILTTDWCLEGEPGG,0
C1=CC=C(C=C1)C2=CC=CC=C2,VELYKQPWVQHVDIELFLEECTCEAAQLFMSGEWFDMMAPSISRMVFPRESAFKMDHQFWTQWIVPVRDQNE,0
CCC,SCDHWTKRGHSCRCIFGFMATMWEQHWSVTFCAFFRISGAHNMYGWSYQSQRLPNHLCFGIEDNKSHWNLTCVAAFVNMVDADDECK,0
CC1(C(N2C(S1)C(C2=O)NC(=O)C(C3=CC=C(C=C3)O)N)C(=O)O)C,HAMFWAHIIRILQKSMSLFDMSGKTDHSMMAGENEFETEGQNHWKIRVENCYQKVLEDYHTPPNAYQEWAVGWRIFVDKEYFRKIWCPLVDQKEATTQAYSVMLMQMPYTDGLFSLGFYVTFQFSANQMNYDFAGHK,1
C1=CC=C(C=C1)C2=CC=CC=C2,DFSQRFPMWQHIIPYCWACQLHPISVQMENKIYAYDSQLKILSEWIIKDNSGYDGSVQGGLETTLYQCCPGYKIHSASKQYICNVCEECQQVPGWIRDMGAQMIICCAIYRQTYMIDCPVF,1
CCCC,QFVSDKPRDIKNLNDQNEYGQRTMQSWGEYTIMFDNETPQSWPFNENCTGIMAHVSCKNRPYLEFIWCFDCQKKCQLLDKFDYGNRDL,0
CCC,QEYMFVKRHPIRPARIKAFPLRTKEIELECCINPFPALMTSMVATLDHHYDMQAYNKTVNMVYSDYSCKFQWDPHKKEAVWVKETWIEQMNHVCLKATKNCEYDSWMILGDWYNHLYQRQSFHCWWCHIEMQIV,0
CCCCC,GLQLVIMCWQIYIFSWGTGKWGGVWQLRSKSSTQEVAPSDMSIYADRHFFRTFAPCCEKKHAHLMLSMSVAITTKWFAYTQPPLVKKEYVRDDCPVCRSDSTRIQEWKAKMAIDWSVSYENRFEAWWECGPTK,1
c1ccccc1,LWMAHSTGGVKEYGCSRCQPMWKPRFPHRRTFYKITHLLFKCITACRMNDKTRSNMCWRQKGMVLTINIFERVGKGDYNQRCMRYYYSHYKYFMGDFRHYVQECCHWHGCCCTDADRFDGMCMMSHMDC,0
CCCC,NGFHDTELQMMAAIEPMTVLSQSHPIWNVIRERNIYKGYADRSGAHFNNVSGKCCCLDTAWKRLAWPHIRIFNMGKENHRPLKHPCFDMLIFRWYGCIALLIPGEPRNGIWCEPYMVQDLF,0
CC(C)Cc1ccc(cc1)C(C)C(=O)O,TTWIRDFESYKHLKPNSWINQQRIGLAMNMWGNVSSKHRENKMIHHARHRRNRMRGGCLMEVYYYMCWCEIYQCSRVYIVRKICTTEWQRDCRVPPDIDPWIEVNWSPYVLD,0
CC1=C(C=C(C=C1)NC(=O)C2=CC=C(C=C2)CN3CCN(CC3)C)NC4=NC=CC(=N4)C5=CN=CC=C5,GLQLVIMCWQIYIFSWGTGKWGGVWQLRSKSSTQEVAPSDMSIYADRHFFRTFAPCCEKKHAHLMLSMSVAITTKWFAYTQPPLVKKEYVRDDCPVCRSDSTRIQEWKAKMAIDWSVSYENRFEAWWECGPTK,1
CC(=O)Nc1ccc(O)cc1,VELYKQPWVQHVDIELFLEECTCEAAQLFMSGEWFDMMAPSISRMVFPRESAFKMDHQFWTQWIVPVRDQNE,0
Cn1cnc2c1c(=O)n(C)c(=O)n2C,ELWFTWVFFNEDRAARLLFEKIKPHCRRLRHNNRHHTSCSNLDCSIKDQTKKSKSVNSLTILGEFNKGQMFREMFQCQVKHTSKKCMLHFKVPHAVVATNWITYDYRRYKYGNKKNAHDMTCRIEYLTEKGEAWCFPPRVINSHRMD,0
Cn1cnc2c1c(=O)n(C)c(=O)n2C,GSEWCQPMVYDFAFWLSNGIQEVANDVCTNFLDESGTYTSSVANNEKVPGKLARMDSPLNTMKEWECGREWYGIQATNMWRCQDHDYHRDCKKCFQFYKLWSMWTIFYAGGTPFYEKWPVE,0
CC(=O)Nc1ccc(O)cc1,QFVSDKPRDIKNLNDQNEYGQRTMQSWGEYTIMFDNETPQSWPFNENCTGIMAHVSCKNRPYLEFIWCFDCQKKCQLLDKFDYGNRDL,1
C1=CC=C(C=C1)C(=O)O,GWYGVIMTEHVDNNQTVDYLIQRTCFRCMDDCCTFSAHNKTKNSTVARTYTESSTHKLVHCGLIGDGVHYDWSYEFPNASDVNSGVSILFPDCHKLYVKMF,0
CCCC,LWMAHSTGGVKEYGCSRCQPMWKPRFPHRRTFYKITHLLFKCITACRMNDKTRSNMCWRQKGMVLTINIFERVGKGDYNQRCMRYYYSHYKYFMGDFRHYVQECCHWHGCCCTDADRFDGMCMMSHMDC,0
CCO,DFSQRFPMWQHIIPYCWACQLHPISVQMENKIYAYDSQLKILSEWIIKDNSGYDGSVQGGLETTLYQCCPGYKIHSASKQYICNVCEECQQVPGWIRDMGAQMIICCAIYRQTYMIDCPVF,0
CCC,GPLSQKDEPFVKTQSYAMQTGHQTWDKQRDWDLKRMPVPEGITHESLEDCCGTLPILTTDWCLEGEPGG,1
CC1=C(C=C(C=C1)NC(=O)C2=CC=C(C=C2)CN3CCN(CC3)C)NC4=NC=CC(=N4)C5=CN=CC=C5,GPLSQKDEPFVKTQSYAMQTGHQTWDKQRDWDLKRMPVPEGITHESLEDCCGTLPILTTDWCLEGEPGG,0
CC1(C(N2C(S1)C(C2=O)NC(=O)C(C3=CC=C(C=C3)O)N)C(=O)O)C,GPLSQKDEPFVKTQSYAMQTGHQTWDKQRDWDLKRMPVPEGITHESLEDCCGTLPILTTDWCLEGEPGG,1
C1=CC=C(C=C1)C2=CC=CC=C2,QEPQMNIWYEYHANHWKTMAIDSVHRCFCLIVGNATIEHIGSAEIICCMTSVWITAKNDDPNALTIISTRFMNMDIFARQFAAFWYECNYVTGEEHGAPYCLMPQSKDTIYCLSWPNQMIGFKW,1
O=C(C)O,DMNVTRKLIIWDEDHGLPTGLWKMKAWMPMEAGALDSNHRQRKHSKMAEILRDNAPMGWGMVMFILYSWEVRWVEWDTIQFASWVEIGCINPREC,0
CN1C=NC2=C1C(=O)N(C(=O)N2C)C,TTWIRDFESYKHLKPNSWINQQRIGLAMNMWGNVSSKHRENKMIHHARHRRNRMRGGCLMEVYYYMCWCEIYQCSRVYIVRKICTTEWQRDCRVPPDIDPWIEVNWSPYVLD,1
c1ccccc1,QEPQMNIWYEYHANHWKTMAIDSVHRCFCLIVGNATIEHIGSAEIICCMTSVWITAKNDDPNALTIISTRFMNMDIFARQFAAFWYECNYVTGEEHGAPYCLMPQSKDTIYCLSWPNQMIGFKW,0
CC1(C(N2C(S1)C(C2=O)NC(=O)C(C3=CC=C(C=C3)O)N)C(=O)O)C,QEPQMNIWYEYHANHWKTMAIDSVHRCFCLIVGNATIEHIGSAEIICCMTSVWITAKNDDPNALTIISTRFMNMDIFARQFAAFWYECNYVTGEEHGAPYCLMPQSKDTIYCLSWPNQMIGFKW,1
O=C(O)Cc1ccccc1,MLYQYKRFGPRHMTQFMNRLIMSFQDLRGKNEEIFESKNCTSFASYAWRRQMDHWELDLQYQKKMVTTLMSNISGVCCPGDCRRECFNCWFQEWKYKWCGPNW,0
CCN,QEPQMNIWYEYHANHWKTMAIDSVHRCFCLIVGNATIEHIGSAEIICCMTSVWITAKNDDPNALTIISTRFMNMDIFARQFAAFWYECNYVTGEEHGAPYCLMPQSKDTIYCLSWPNQMIGFKW,0
CC(=O)Oc1ccccc1C(=O)O,QFVSDKPRDIKNLNDQNEYGQRTMQSWGEYTIMFDNETPQSWPFNENCTGIMAHVSCKNRPYLEFIWCFDCQKKCQLLDKFDYGNRDL,1
CN1C=NC2=C1C(=O)N(C(=O)N2C)C,CCTQIFNCYSPIAKNCYRYFIIGMPCTYQIHRGSKQLSFIGNTQYTMVSIH,1
C1=CC=C(C=C1)C2=CC=CC=C2,IDWLEYFKDIFDTPESDMNRNLTLSRESGMIYCICPQAREAQRSEACWYHEILHGTLWHVCAIPYIDILGTHPPYNLVQHKQMTIMCCPFFTVDTKGQDRILQSCRSNVAISQDVT,0
CC1(C)S[C@@H]2[C@H](NC(=O)Cc3ccccc3)C(=O)N2[C@H]1C(=O)O,QEYMFVKRHPIRPARIKAFPLRTKEIELECCINPFPALMTSMVATLDHHYDMQAYNKTVNMVYSDYSCKFQWDPHKKEAVWVKETWIEQMNHVCLKATKNCEYDSWMILGDWYNHLYQRQSFHCWWCHIEMQIV,0
C1=CC=C(C=C1)C(=O)O,YHWRHHAAYCLTASPCNEVRYDQWIMRVVLCLGGPRHMSTDHPSWPISSLMKYHYDERCGIACLCRRGNWVNIRTCMGCMLCK,1
c1ccccc1,IDWLEYFKDIFDTPESDMNRNLTLSRESGMIYCICPQAREAQRSEACWYHEILHGTLWHVCAIPYIDILGTHPPYNLVQHKQMTIMCCPFFTVDTKGQDRILQSCRSNVAISQDVT,1
CC1(C(N2C(S1)C(C2=O)NC(=O)C(C3=CC=C(C=C3)O)N)C(=O)O)C,YHWRHHAAYCLTASPCNEVRYDQWIMRVVLCLGGPRHMSTDHPSWPISSLMKYHYDERCGIACLCRRGNWVNIRTCMGCMLCK,1
O=C(C)O,SCDHWTKRGHSCRCIFGFMATMWEQHWSVTFCAFFRISGAHNMYGWSYQSQRLPNHLCFGIEDNKSHWNLTCVAAFVNMVDADDECK,1
O=C(C)O,DFSQRFPMWQHIIPYCWACQLHPISVQMENKIYAYDSQLKILSEWIIKDNSGYDGSVQGGLETTLYQCCPGYKIHSASKQYICNVCEECQQVPGWIRDMGAQMIICCAIYRQTYMIDCPVF,0
O=C(C)O,ELWFTWVFFNEDRAARLLFEKIKPHCRRLRHNNRHHTSCSNLDCSIKDQTKKSKSVNSLTILGEFNKGQMFREMFQCQVKHTSKKCMLHFKVPHAVVATNWITYDYRRYKYGNKKNAHDMTCRIEYLTEKGEAWCFPPRVINSHRMD,0
CCCC,IDWLEYFKDIFDTPESDMNRNLTLSRESGMIYCICPQAREAQRSEACWYHEILHGTLWHVCAIPYIDILGTHPPYNLVQHKQMTIMCCPFFTVDTKGQDRILQSCRSNVAISQDVT,0
O=C(O)Cc1ccccc1,QFVSDKPRDIKNLNDQNEYGQRTMQSWGEYTIMFDNETPQSWPFNENCTGIMAHVSCKNRPYLEFIWCFDCQKKCQLLDKFDYGNRDL,0
CO,YHWRHHAAYCLTASPCNEVRYDQWIMRVVLCLGGPRHMSTDHPSWPISSLMKYHYDERCGIACLCRRGNWVNIRTCMGCMLCK,1
CCC,TTWIRDFESYKHLKPNSWINQQRIGLAMNMWGNVSSKHRENKMIHHARHRRNRMRGGCLMEVYYYMCWCEIYQCSRVYIVRKICTTEWQRDCRVPPDIDPWIEVNWSPYVLD,1
CCCC,IDWLEYFKDIFDTPESDMNRNLTLSRESGMIYCICPQAREAQRSEACWYHEILHGTLWHVCAIPYIDILGTHPPYNLVQHKQMTIMCCPFFTVDTKGQDRILQSCRSNVAISQDVT,1
O=C(O)Cc1ccccc1,MLYQYKRFGPRHMTQFMNRLIMSFQDLRGKNEEIFESKNCTSFASYAWRRQMDHWELDLQYQKKMVTTLMSNISGVCCPGDCRRECFNCWFQEWKYKWCGPNW,1
Cn1cnc2c1c(=O)n(C)c(=O)n2C,GWYGVIMTEHVDNNQTVDYLIQRTCFRCMDDCCTFSAHNKTKNSTVARTYTESSTHKLVHCGLIGDGVHYDWSYEFPNASDVNSGVSILFPDCHKLYVKMF,1
CC1=C(C=C(C=C1)NC(=O)C2=CC=C(C=C2)CN3CCN(CC3)C)NC4=NC=CC(=N4)C5=CN=CC=C5,GLQLVIMCWQIYIFSWGTGKWGGVWQLRSKSSTQEVAPSDMSIYADRHFFRTFAPCCEKKHAHLMLSMSVAITTKWFAYTQPPLVKKEYVRDDCPVCRSDSTRIQEWKAKMAIDWSVSYENRFEAWWECGPTK,1
CC1(C(N2C(S1)C(C2=O)NC(=O)C(C3=CC=C(C=C3)O)N)C(=O)O)C,SCDHWTKRGHSCRCIFGFMATMWEQHWSVTFCAFFRISGAHNMYGWSYQSQRLPNHLCFGIEDNKSHWNLTCVAAFVNMVDADDECK,0
O=C(O)Cc1ccccc1,DFSQRFPMWQHIIPYCWACQLHPISVQMENKIYAYDSQLKILSEWIIKDNSGYDGSVQGGLETTLYQCCPGYKIHSASKQYICNVCEECQQVPGWIRDMGAQMIICCAIYRQTYMIDCPVF,0
CCC,CCTQIFNCYSPIAKNCYRYFIIGMPCTYQIHRGSKQLSFIGNTQYTMVSIH,0
CCC,GPLSQKDEPFVKTQSYAMQTGHQTWDKQRDWDLKRMPVPEGITHESLEDCCGTLPILTTDWCLEGEPGG,0
CC1(C(N2C(S1)C(C2=O)NC(=O)C(C3=CC=C(C=C3)O)N)C(=O)O)C,GLQLVIMCWQIYIFSWGTGKWGGVWQLRSKSSTQEVAPSDMSIYADRHFFRTFAPCCEKKHAHLMLSMSVAITTKWFAYTQPPLVKKEYVRDDCPVCRSDSTRIQEWKAKMAIDWSVSYENRFEAWWECGPTK,0
CC(=O)Nc1ccc(O)cc1,QEPQMNIWYEYHANHWKTMAIDSVHRCFCLIVGNATIEHIGSAEIICCMTSVWITAKNDDPNALTIISTRFMNMDIFARQFAAFWYECNYVTGEEHGAPYCLMPQSKDTIYCLSWPNQMIGFKW,1
CCCCC,MLYQYKRFGPRHMTQFMNRLIMSFQDLRGKNEEIFESKNCTSFASYAWRRQMDHWELDLQYQKKMVTTLMSNISGVCCPGDCRRECFNCWFQEWKYKWCGPNW,0
CC(=O)Oc1ccccc1C(=O)O,TTWIRDFESYKHLKPNSWINQQRIGLAMNMWGNVSSKHRENKMIHHARHRRNRMRGGCLMEVYYYMCWCEIYQCSRVYIVRKICTTEWQRDCRVPPDIDPWIEVNWSPYVLD,1
CCO,QFVSDKPRDIKNLNDQNEYGQRTMQSWGEYTIMFDNETPQSWPFNENCTGIMAHVSCKNRPYLEFIWCFDCQKKCQLLDKFDYGNRDL,0
Cn1cnc2c1c(=O)n(C)c(=O)n2C,MLYQYKRFGPRHMTQFMNRLIMSFQDLRGKNEEIFESKNCTSFASYAWRRQMDHWELDLQYQKKMVTTLMSNISGVCCPGDCRRECFNCWFQEWKYKWCGPNW,1
C1=CC=C(C=C1)C(=O)O,DMNVTRKLIIWDEDHGLPTGLWKMKAWMPMEAGALDSNHRQRKHSKMAEILRDNAPMGWGMVMFILYSWEVRWVEWDTIQFASWVEIGCINPREC,1
CC(=O)Oc1ccccc1C(=O)O,CCTQIFNCYSPIAKNCYRYFIIGMPCTYQIHRGSKQLSFIGNTQYTMVSIH,1
CCN,AHAPHSYIERAGGSKMPQFFQEMQLHKPPWHTTWPFRPKRGQGRDRAWPAWPSDERHTPQWPGCHDMRTIQYLEWLMLLAIGSAHDAYSTFFYQSD,1
c1ccccc1,LWMAHSTGGVKEYGCSRCQPMWKPRFPHRRTFYKITHLLFKCITACRMNDKTRSNMCWRQKGMVLTINIFERVGKGDYNQRCMRYYYSHYKYFMGDFRHYVQECCHWHGCCCTDADRFDGMCMMSHMDC,1
CC(=O)Oc1ccccc1C(=O)O,VELYKQPWVQHVDIELFLEECTCEAAQLFMSGEWFDMMAPSISRMVFPRESAFKMDHQFWTQWIVPVRDQNE,0
CC(C)Cc1ccc(cc1)C(C)C(=O)O,LWMAHSTGGVKEYGCSRCQPMWKPRFPHRRTFYKITHLLFKCITACRMNDKTRSNMCWRQKGMVLTINIFERVGKGDYNQRCMRYYYSHYKYFMGDFRHYVQECCHWHGCCCTDADRFDGMCMMSHMDC,0
CC(=O)Nc1ccc(O)cc1,QEPQMNIWYEYHANHWKTMAIDSVHRCFCLIVGNATIEHIGSAEIICCMTSVWITAKNDDPNALTIISTRFMNMDIFARQFAAFWYECNYVTGEEHGAPYCLMPQSKDTIYCLSWPNQMIGFKW,0
CO,SCDHWTKRGHSCRCIFGFMATMWEQHWSVTFCAFFRISGAHNMYGWSYQSQRLPNHLCFGIEDNKSHWNLTCVAAFVNMVDADDECK,0
CN1C=NC2=C1C(=O)N(C(=O)N2C)C,SCDHWTKRGHSCRCIFGFMATMWEQHWSVTFCAFFRISGAHNMYGWSYQSQRLPNHLCFGIEDNKSHWNLTCVAAFVNMVDADDECK,0
O=C(O)Cc1ccccc1,ILYFQRGWNMFMTHYHHWPGGSHTSYDFVGVITFQVYGYVPENECDHLKTAFPKTAMVFAWDMMRFQTR,1
CC(=O)Oc1ccccc1C(=O)O,DMNVTRKLIIWDEDHGLPTGLWKMKAWMPMEAGALDSNHRQRKHSKMAEILRDNAPMGWGMVMFILYSWEVRWVEWDTIQFASWVEIGCINPREC,1
O=C(C)O,GPLSQKDEPFVKTQSYAMQTGHQTWDKQRDWDLKRMPVPEGITHESLEDCCGTLPILTTDWCLEGEPGG,0
CC(C)Cc1ccc(cc1)C(C)C(=O)O,QEYMFVKRHPIRPARIKAFPLRTKEIELECCINPFPALMTSMVATLDHHYDMQAYNKTVNMVYSDYSCKFQWDPHKKEAVWVKETWIEQMNHVCLKATKNCEYDSWMILGDWYNHLYQRQSFHCWWCHIEMQIV,1
CO,DMNVTRKLIIWDEDHGLPTGLWKMKAWMPMEAGALDSNHRQRKHSKMAEILRDNAPMGWGMVMFILYSWEVRWVEWDTIQFASWVEIGCINPREC,0
CCCC,GPLSQKDEPFVKTQSYAMQTGHQTWDKQRDWDLKRMPVPEGITHESLEDCCGTLPILTTDWCLEGEPGG,0
CC1=C(C=C(C=C1)NC(=O)C2=CC=C(C=C2)CN3CCN(CC3)C)NC4=NC=CC(=N4)C5=CN=CC=C5,TIGSKHEFNSSFHLPSSYPHRVWWLYCCFADHEIYLIRACVWFWISLNIIGGLWECIVEVDNVWRHCMGRRRLYCNLLWTSFYIIGNPFYDFWSMPDYVTVAD,1
O=C(O)Cc1ccccc1,ELWFTWVFFNEDRAARLLFEKIKPHCRRLRHNNRHHTSCSNLDCSIKDQTKKSKSVNSLTILGEFNKGQMFREMFQCQVKHTSKKCMLHFKVPHAVVATNWITYDYRRYKYGNKKNAHDMTCRIEYLTEKGEAWCFPPRVINSHRMD,0
CC(=O)Oc1ccccc1C(=O)O,VELYKQPWVQHVDIELFLEECTCEAAQLFMSGEWFDMMAPSISRMVFPRESAFKMDHQFWTQWIVPVRDQNE,1
c1ccccc1,NGFHDTELQMMAAIEPMTVLSQSHPIWNVIRERNIYKGYADRSGAHFNNVSGKCCCLDTAWKRLAWPHIRIFNMGKENHRPLKHPCFDMLIFRWYGCIALLIPGEPRNGIWCEPYMVQDLF,0
CC1(C(N2C(S1)C(C2=O)NC(=O)C(C3=CC=C(C=C3)O)N)C(=O)O)C,LWMAHSTGGVKEYGCSRCQPMWKPRFPHRRTFYKITHLLFKCITACRMNDKTRSNMCWRQKGMVLTINIFERVGKGDYNQRCMRYYYSHYKYFMGDFRHYVQECCHWHGCCCTDADRFDGMCMMSHMDC,0
CCN,HAMFWAHIIRILQKSMSLFDMSGKTDHSMMAGENEFETEGQNHWKIRVENCYQKVLEDYHTPPNAYQEWAVGWRIFVDKEYFRKIWCPLVDQKEATTQAYSVMLMQMPYTDGLFSLGFYVTFQFSANQMNYDFAGHK,0
CCO,DMNVTRKLIIWDEDHGLPTGLWKMKAWMPMEAGALDSNHRQRKHSKMAEILRDNAPMGWGMVMFILYSWEVRWVEWDTIQFASWVEIGCINPREC,0
CN1C=NC2=C1C(=O)N(C(=O)N2C)C,QFVSDKPRDIKNLNDQNEYGQRTMQSWGEYTIMFDNETPQSWPFNENCTGIMAHVSCKNRPYLEFIWCFDCQKKCQLLDKFDYGNRDL,1
c1ccccc1,AHAPHSYIERAGGSKMPQFFQEMQLHKPPWHTTWPFRPKRGQGRDRAWPAWPSDERHTPQWPGCHDMRTIQYLEWLMLLAIGSAHDAYSTFFYQSD,1
C1CC1N2C=C(C(=O)O)C3=CC(F)=C(N4CCNCC4)C=C3C2=O,GSEWCQPMVYDFAFWLSNGIQEVANDVCTNFLDESGTYTSSVANNEKVPGKLARMDSPLNTMKEWECGREWYGIQATNMWRCQDHDYHRDCKKCFQFYKLWSMWTIFYAGGTPFYEKWPVE,0
CCO,GLQLVIMCWQIYIFSWGTGKWGGVWQLRSKSSTQEVAPSDMSIYADRHFFRTFAPCCEKKHAHLMLSMSVAITTKWFAYTQPPLVKKEYVRDDCPVCRSDSTRIQEWKAKMAIDWSVSYENRFEAWWECGPTK,0
CC1(C(N2C(S1)C(C2=O)NC(=O)C(C3=CC=C(C=C3)O)N)C(=O)O)C,NGFHDTELQMMAAIEPMTVLSQSHPIWNVIRERNIYKGYADRSGAHFNNVSGKCCCLDTAWKRLAWPHIRIFNMGKENHRPLKHPCFDMLIFRWYGCIALLIPGEPRNGIWCEPYMVQDLF,0
C1=CC=C(C=C1)C(=O)O,SCDHWTKRGHSCRCIFGFMATMWEQHWSVTFCAFFRISGAHNMYGWSYQSQRLPNHLCFGIEDNKSHWNLTCVAAFVNMVDADDECK,1
O=C(O)Cc1ccccc1,ILYFQRGWNMFMTHYHHWPGGSHTSYDFVGVITFQVYGYVPENECDHLKTAFPKTAMVFAWDMMRFQTR,1
CC1(C)S[C@@H]2[C@H](NC(=O)Cc3ccccc3)C(=O)N2[C@H]1C(=O)O,HAMFWAHIIRILQKSMSLFDMSGKTDHSMMAGENEFETEGQNHWKIRVENCYQKVLEDYHTPPNAYQEWAVGWRIFVDKEYFRKIWCPLVDQKEATTQAYSVMLMQMPYTDGLFSLGFYVTFQFSANQMNYDFAGHK,0
CCO,QEYMFVKRHPIRPARIKAFPLRTKEIELECCINPFPALMTSMVATLDHHYDMQAYNKTVNMVYSDYSCKFQWDPHKKEAVWVKETWIEQMNHVCLKATKNCEYDSWMILGDWYNHLYQRQSFHCWWCHIEMQIV,0
CO,DFSQRFPMWQHIIPYCWACQLHPISVQMENKIYAYDSQLKILSEWIIKDNSGYDGSVQGGLETTLYQCCPGYKIHSASKQYICNVCEECQQVPGWIRDMGAQMIICCAIYRQTYMIDCPVF,0
CC1(C(N2C(S1)C(C2=O)NC(=O)C(C3=CC=C(C=C3)O)N)C(=O)O)C,QEYMFVKRHPIRPARIKAFPLRTKEIELECCINPFPALMTSMVATLDHHYDMQAYNKTVNMVYSDYSCKFQWDPHKKEAVWVKETWIEQMNHVCLKATKNCEYDSWMILGDWYNHLYQRQSFHCWWCHIEMQIV,0
CC1(C(N2C(S1)C(C2=O)NC(=O)C(C3=CC=C(C=C3)O)N)C(=O)O)C,GWYGVIMTEHVDNNQTVDYLIQRTCFRCMDDCCTFSAHNKTKNSTVARTYTESSTHKLVHCGLIGDGVHYDWSYEFPNASDVNSGVSILFPDCHKLYVKMF,1
O=C(O)Cc1ccccc1,GLQLVIMCWQIYIFSWGTGKWGGVWQLRSKSSTQEVAPSDMSIYADRHFFRTFAPCCEKKHAHLMLSMSVAITTKWFAYTQPPLVKKEYVRDDCPVCRSDSTRIQEWKAKMAIDWSVSYENRFEAWWECGPTK,0
Cn1cnc2c1c(=O)n(C)c(=O)n2C,TTWIRDFESYKHLKPNSWINQQRIGLAMNMWGNVSSKHRENKMIHHARHRRNRMRGGCLMEVYYYMCWCEIYQCSRVYIVRKICTTEWQRDCRVPPDIDPWIEVNWSPYVLD,1
CC1(C(N2C(S1)C(C2=O)NC(=O)C(C3=CC=C(C=C3)O)N)C(=O)O)C,HAMFWAHIIRILQKSMSLFDMSGKTDHSMMAGENEFETEGQNHWKIRVENCYQKVLEDYHTPPNAYQEWAVGWRIFVDKEYFRKIWCPLVDQKEATTQAYSVMLMQMPYTDGLFSLGFYVTFQFSANQMNYDFAGHK,1
C1CC1N2C=C(C(=O)O)C3=CC(F)=C(N4CCNCC4)C=C3C2=O,QFVSDKPRDIKNLNDQNEYGQRTMQSWGEYTIMFDNETPQSWPFNENCTGIMAHVSCKNRPYLEFIWCFDCQKKCQLLDKFDYGNRDL,0
C1CC1N2C=C(C(=O)O)C3=CC(F)=C(N4CCNCC4)C=C3C2=O,ILYFQRGWNMFMTHYHHWPGGSHTSYDFVGVITFQVYGYVPENECDHLKTAFPKTAMVFAWDMMRFQTR,1
C1CC1N2C=C(C(=O)O)C3=CC(F)=C(N4CCNCC4)C=C3C2=O,QFVSDKPRDIKNLNDQNEYGQRTMQSWGEYTIMFDNETPQSWPFNENCTGIMAHVSCKNRPYLEFIWCFDCQKKCQLLDKFDYGNRDL,0
C1=CC=C(C=C1)C2=CC=CC=C2,GWYGVIMTEHVDNNQTVDYLIQRTCFRCMDDCCTFSAHNKTKNSTVARTYTESSTHKLVHCGLIGDGVHYDWSYEFPNASDVNSGVSILFPDCHKLYVKMF,1
Cn1cnc2c1c(=O)n(C)c(=O)n2C,DMNVTRKLIIWDEDHGLPTGLWKMKAWMPMEAGALDSNHRQRKHSKMAEILRDNAPMGWGMVMFILYSWEVRWVEWDTIQFASWVEIGCINPREC,1
CC(C)Cc1ccc(cc1)C(C)C(=O)O,QEPQMNIWYEYHANHWKTMAIDSVHRCFCLIVGNATIEHIGSAEIICCMTSVWITAKNDDPNALTIISTRFMNMDIFARQFAAFWYECNYVTGEEHGAPYCLMPQSKDTIYCLSWPNQMIGFKW,1
CO,QFVSDKPRDIKNLNDQNEYGQRTMQSWGEYTIMFDNETPQSWPFNENCTGIMAHVSCKNRPYLEFIWCFDCQKKCQLLDKFDYGNRDL,0
CCO,LWMAHSTGGVKEYGCSRCQPMWKPRFPHRRTFYKITHLLFKCITACRMNDKTRSNMCWRQKGMVLTINIFERVGKGDYNQRCMRYYYSHYKYFMGDFRHYVQECCHWHGCCCTDADRFDGMCMMSHMDC,0
CCO,AHAPHSYIERAGGSKMPQFFQEMQLHKPPWHTTWPFRPKRGQGRDRAWPAWPSDERHTPQWPGCHDMRTIQYLEWLMLLAIGSAHDAYSTFFYQSD,0
CCC,ILYFQRGWNMFMTHYHHWPGGSHTSYDFVGVITFQVYGYVPENECDHLKTAFPKTAMVFAWDMMRFQTR,1
CC(C)Cc1ccc(cc1)C(C)C(=O)O,ELWFTWVFFNEDRAARLLFEKIKPHCRRLRHNNRHHTSCSNLDCSIKDQTKKSKSVNSLTILGEFNKGQMFREMFQCQVKHTSKKCMLHFKVPHAVVATNWITYDYRRYKYGNKKNAHDMTCRIEYLTEKGEAWCFPPRVINSHRMD,0
CC(=O)Oc1ccccc1C(=O)O,YHWRHHAAYCLTASPCNEVRYDQWIMRVVLCLGGPRHMSTDHPSWPISSLMKYHYDERCGIACLCRRGNWVNIRTCMGCMLCK,1
CC1=C(C=C(C=C1)NC(=O)C2=CC=C(C=C2)CN3CCN(CC3)C)NC4=NC=CC(=N4)C5=CN=CC=C5,MLYQYKRFGPRHMTQFMNRLIMSFQDLRGKNEEIFESKNCTSFASYAWRRQMDHWELDLQYQKKMVTTLMSNISGVCCPGDCRRECFNCWFQEWKYKWCGPNW,0
CCO,MLVGTEAVFQGIKAKVRRHDEHLVFGTPDPVHMLFQWALGNECGPPEGHMYHGENRMKTLHTDHPDWP,0
O=C(C)O,GPLSQKDEPFVKTQSYAMQTGHQTWDKQRDWDLKRMPVPEGITHESLEDCCGTLPILTTDWCLEGEPGG,1
c1ccccc1,MLVGTEAVFQGIKAKVRRHDEHLVFGTPDPVHMLFQWALGNECGPPEGHMYHGENRMKTLHTDHPDWP,1
CCO,ILYFQRGWNMFMTHYHHWPGGSHTSYDFVGVITFQVYGYVPENECDHLKTAFPKTAMVFAWDMMRFQTR,0
CC1=C(C=C(C=C1)NC(=O)C2=CC=C(C=C2)CN3CCN(CC3)C)NC4=NC=CC(=N4)C5=CN=CC=C5,TIGSKHEFNSSFHLPSSYPHRVWWLYCCFADHEIYLIRACVWFWISLNIIGGLWECIVEVDNVWRHCMGRRRLYCNLLWTSFYIIGNPFYDFWSMPDYVTVAD,1
CO,DFSQRFPMWQHIIPYCWACQLHPISVQMENKIYAYDSQLKILSEWIIKDNSGYDGSVQGGLETTLYQCCPGYKIHSASKQYICNVCEECQQVPGWIRDMGAQMIICCAIYRQTYMIDCPVF,0
CCN,MLVGTEAVFQGIKAKVRRHDEHLVFGTPDPVHMLFQWALGNECGPPEGHMYHGENRMKTLHTDHPDWP,0
CC1(C)S[C@@H]2[C@H](NC(=O)Cc3ccccc3)C(=O)N2[C@H]1C(=O)O,CCTQIFNCYSPIAKNCYRYFIIGMPCTYQIHRGSKQLSFIGNTQYTMVSIH,0
CC1(C(N2C(S1)C(C2=O)NC(=O)C(C3=CC=C(C=C3)O)N)C(=O)O)C,AHAPHSYIERAGGSKMPQFFQEMQLHKPPWHTTWPFRPKRGQGRDRAWPAWPSDERHTPQWPGCHDMRTIQYLEWLMLLAIGSAHDAYSTFFYQSD,1
CO,YHWRHHAAYCLTASPCNEVRYDQWIMRVVLCLGGPRHMSTDHPSWPISSLMKYHYDERCGIACLCRRGNWVNIRTCMGCMLCK,0
CC(=O)Nc1ccc(O)cc1,GLQLVIMCWQIYIFSWGTGKWGGVWQLRSKSSTQEVAPSDMSIYADRHFFRTFAPCCEKKHAHLMLSMSVAITTKWFAYTQPPLVKKEYVRDDCPVCRSDSTRIQEWKAKMAIDWSVSYENRFEAWWECGPTK,1
CCCCC,QFVSDKPRDIKNLNDQNEYGQRTMQSWGEYTIMFDNETPQSWPFNENCTGIMAHVSCKNRPYLEFIWCFDCQKKCQLLDKFDYGNRDL,1
CC(C)Cc1ccc(cc1)C(C)C(=O)O,NGFHDTELQMMAAIEPMTVLSQSHPIWNVIRERNIYKGYADRSGAHFNNVSGKCCCLDTAWKRLAWPHIRIFNMGKENHRPLKHPCFDMLIFRWYGCIALLIPGEPRNGIWCEPYMVQDLF,0
CCCCC,HAMFWAHIIRILQKSMSLFDMSGKTDHSMMAGENEFETEGQNHWKIRVENCYQKVLEDYHTPPNAYQEWAVGWRIFVDKEYFRKIWCPLVDQKEATTQAYSVMLMQMPYTDGLFSLGFYVTFQFSANQMNYDFAGHK,0
CCCCC,MLYQYKRFGPRHMTQFMNRLIMSFQDLRGKNEEIFESKNCTSFASYAWRRQMDHWELDLQYQKKMVTTLMSNISGVCCPGDCRRECFNCWFQEWKYKWCGPNW,0
CCC,VELYKQPWVQHVDIELFLEECTCEAAQLFMSGEWFDMMAPSISRMVFPRESAFKMDHQFWTQWIVPVRDQNE,0
O=C(O)Cc1ccccc1,CCTQIFNCYSPIAKNCYRYFIIGMPCTYQIHRGSKQLSFIGNTQYTMVSIH,1
O=C(O)Cc1ccccc1,VELYKQPWVQHVDIELFLEECTCEAAQLFMSGEWFDMMAPSISRMVFPRESAFKMDHQFWTQWIVPVRDQNE,1
CN1C=NC2=C1C(=O)N(C(=O)N2C)C,ELWFTWVFFNEDRAARLLFEKIKPHCRRLRHNNRHHTSCSNLDCSIKDQTKKSKSVNSLTILGEFNKGQMFREMFQCQVKHTSKKCMLHFKVPHAVVATNWITYDYRRYKYGNKKNAHDMTCRIEYLTEKGEAWCFPPRVINSHRMD,1
CCC,QEPQMNIWYEYHANHWKTMAIDSVHRCFCLIVGNATIEHIGSAEIICCMTSVWITAKNDDPNALTIISTRFMNMDIFARQFAAFWYECNYVTGEEHGAPYCLMPQSKDTIYCLSWPNQMIGFKW,0
Cn1cnc2c1c(=O)n(C)c(=O)n2C,GPLSQKDEPFVKTQSYAMQTGHQTWDKQRDWDLKRMPVPEGITHESLEDCCGTLPILTTDWCLEGEPGG,0
c1ccccc1,TIGSKHEFNSSFHLPSSYPHRVWWLYCCFADHEIYLIRACVWFWISLNIIGGLWECIVEVDNVWRHCMGRRRLYCNLLWTSFYIIGNPFYDFWSMPDYVTVAD,0
O=C(C)O,MLYQYKRFGPRHMTQFMNRLIMSFQDLRGKNEEIFESKNCTSFASYAWRRQMDHWELDLQYQKKMVTTLMSNISGVCCPGDCRRECFNCWFQEWKYKWCGPNW,1
CCCCC,MLYQYKRFGPRHMTQFMNRLIMSFQDLRGKNEEIFESKNCTSFASYAWRRQMDHWELDLQYQKKMVTTLMSNISGVCCPGDCRRECFNCWFQEWKYKWCGPNW,1
C1=CC=C(C=C1)C(=O)O,TIGSKHEFNSSFHLPSSYPHRVWWLYCCFADHEIYLIRACVWFWISLNIIGGLWECIVEVDNVWRHCMGRRRLYCNLLWTSFYIIGNPFYDFWSMPDYVTVAD,0
CC(=O)Nc1ccc(O)cc1,LWMAHSTGGVKEYGCSRCQPMWKPRFPHRRTFYKITHLLFKCITACRMNDKTRSNMCWRQKGMVLTINIFERVGKGDYNQRCMRYYYSHYKYFMGDFRHYVQECCHWHGCCCTDADRFDGMCMMSHMDC,1
CC1=C(C=C(C=C1)NC(=O)C2=CC=C(C=C2)CN3CCN(CC3)C)NC4=NC=CC(=N4)C5=CN=CC=C5,TIGSKHEFNSSFHLPSSYPHRVWWLYCCFADHEIYLIRACVWFWISLNIIGGLWECIVEVDNVWRHCMGRRRLYCNLLWTSFYIIGNPFYDFWSMPDYVTVAD,0
CCO,HAMFWAHIIRILQKSMSLFDMSGKTDHSMMAGENEFETEGQNHWKIRVENCYQKVLEDYHTPPNAYQEWAVGWRIFVDKEYFRKIWCPLVDQKEATTQAYSVMLMQMPYTDGLFSLGFYVTFQFSANQMNYDFAGHK,1
CC(=O)Oc1ccccc1C(=O)O,NGFHDTELQMMAAIEPMTVLSQSHPIWNVIRERNIYKGYADRSGAHFNNVSGKCCCLDTAWKRLAWPHIRIFNMGKENHRPLKHPCFDMLIFRWYGCIALLIPGEPRNGIWCEPYMVQDLF,1
CCN,GWYGVIMTEHVDNNQTVDYLIQRTCFRCMDDCCTFSAHNKTKNSTVARTYTESSTHKLVHCGLIGDGVHYDWSYEFPNASDVNSGVSILFPDCHKLYVKMF,0
c1ccccc1,TTWIRDFESYKHLKPNSWINQQRIGLAMNMWGNVSSKHRENKMIHHARHRRNRMRGGCLMEVYYYMCWCEIYQCSRVYIVRKICTTEWQRDCRVPPDIDPWIEVNWSPYVLD,1
CCC,QEYMFVKRHPIRPARIKAFPLRTKEIELECCINPFPALMTSMVATLDHHYDMQAYNKTVNMVYSDYSCKFQWDPHKKEAVWVKETWIEQMNHVCLKATKNCEYDSWMILGDWYNHLYQRQSFHCWWCHIEMQIV,1
c1ccccc1,MLVGTEAVFQGIKAKVRRHDEHLVFGTPDPVHMLFQWALGNECGPPEGHMYHGENRMKTLHTDHPDWP,0
CN1C=NC2=C1C(=O)N(C(=O)N2C)C,AHAPHSYIERAGGSKMPQFFQEMQLHKPPWHTTWPFRPKRGQGRDRAWPAWPSDERHTPQWPGCHDMRTIQYLEWLMLLAIGSAHDAYSTFFYQSD,0
CCO,GLQLVIMCWQIYIFSWGTGKWGGVWQLRSKSSTQEVAPSDMSIYADRHFFRTFAPCCEKKHAHLMLSMSVAITTKWFAYTQPPLVKKEYVRDDCPVCRSDSTRIQEWKAKMAIDWSVSYENRFEAWWECGPTK,0
Cn1cnc2c1c(=O)n(C)c(=O)n2C,GSEWCQPMVYDFAFWLSNGIQEVANDVCTNFLDESGTYTSSVANNEKVPGKLARMDSPLNTMKEWECGREWYGIQATNMWRCQDHDYHRDCKKCFQFYKLWSMWTIFYAGGTPFYEKWPVE,1
Cn1cnc2c1c(=O)n(C)c(=O)n2C,GSEWCQPMVYDFAFWLSNGIQEVANDVCTNFLDESGTYTSSVANNEKVPGKLARMDSPLNTMKEWECGREWYGIQATNMWRCQDHDYHRDCKKCFQFYKLWSMWTIFYAGGTPFYEKWPVE,1
CO,AHTRIFYGTKTQNNRTLNYLIIDWNTGNEQQEMPHCLKYFWYNWRWTPQHKNIDAIGETGQTKLREPSTKMDNVRYIVATQKVRNSCGQQLKSSCKYHVWRTGIVGKGNFY,1
CC(C)Cc1ccc(cc1)C(C)C(=O)O,GLQLVIMCWQIYIFSWGTGKWGGVWQLRSKSSTQEVAPSDMSIYADRHFFRTFAPCCEKKHAHLMLSMSVAITTKWFAYTQPPLVKKEYVRDDCPVCRSDSTRIQEWKAKMAIDWSVSYENRFEAWWECGPTK,1
CC1(C)S[C@@H]2[C@H](NC(=O)Cc3ccccc3)C(=O)N2[C@H]1C(=O)O,AHTRIFYGTKTQNNRTLNYLIIDWNTGNEQQEMPHCLKYFWYNWRWTPQHKNIDAIGETGQTKLREPSTKMDNVRYIVATQKVRNSCGQQLKSSCKYHVWRTGIVGKGNFY,1
CCC,AHTRIFYGTKTQNNRTLNYLIIDWNTGNEQQEMPHCLKYFWYNWRWTPQHKNIDAIGETGQTKLREPSTKMDNVRYIVATQKVRNSCGQQLKSSCKYHVWRTGIVGKGNFY,1
CCCCC,NGFHDTELQMMAAIEPMTVLSQSHPIWNVIRERNIYKGYADRSGAHFNNVSGKCCCLDTAWKRLAWPHIRIFNMGKENHRPLKHPCFDMLIFRWYGCIALLIPGEPRNGIWCEPYMVQDLF,0
C1CC1N2C=C(C(=O)O)C3=CC(F)=C(N4CCNCC4)C=C3C2=O,AHTRIFYGTKTQNNRTLNYLIIDWNTGNEQQEMPHCLKYFWYNWRWTPQHKNIDAIGETGQTKLREPSTKMDNVRYIVATQKVRNSCGQQLKSSCKYHVWRTGIVGKGNFY,1
C1=CC=C(C=C1)C2=CC=CC=C2,GSEWCQPMVYDFAFWLSNGIQEVANDVCTNFLDESGTYTSSVANNEKVPGKLARMDSPLNTMKEWECGREWYGIQATNMWRCQDHDYHRDCKKCFQFYKLWSMWTIFYAGGTPFYEKWPVE,0
CC1=C(C=C(C=C1)NC(=O)C2=CC=C(C=C2)CN3CCN(CC3)C)NC4=NC=CC(=N4)C5=CN=CC=C5,IDWLEYFKDIFDTPESDMNRNLTLSRESGMIYCICPQAREAQRSEACWYHEILHGTLWHVCAIPYIDILGTHPPYNLVQHKQMTIMCCPFFTVDTKGQDRILQSCRSNVAISQDVT,1
Cn1cnc2c1c(=O)n(C)c(=O)n2C,HAMFWAHIIRILQKSMSLFDMSGKTDHSMMAGENEFETEGQNHWKIRVENCYQKVLEDYHTPPNAYQEWAVGWRIFVDKEYFRKIWCPLVDQKEATTQAYSVMLMQMPYTDGLFSLGFYVTFQFSANQMNYDFAGHK,1
CO,QFVSDKPRDIKNLNDQNEYGQRTMQSWGEYTIMFDNETPQSWPFNENCTGIMAHVSCKNRPYLEFIWCFDCQKKCQLLDKFDYGNRDL,1
CC(C)Cc1ccc(cc1)C(C)C(=O)O,IDWLEYFKDIFDTPESDMNRNLTLSRESGMIYCICPQAREAQRSEACWYHEILHGTLWHVCAIPYIDILGTHPPYNLVQHKQMTIMCCPFFTVDTKGQDRILQSCRSNVAISQDVT,1
CCCC,MLVGTEAVFQGIKAKVRRHDEHLVFGTPDPVHMLFQWALGNECGPPEGHMYHGENRMKTLHTDHPDWP,1
CO,MLYQYKRFGPRHMTQFMNRLIMSFQDLRGKNEEIFESKNCTSFASYAWRRQMDHWELDLQYQKKMVTTLMSNISGVCCPGDCRRECFNCWFQEWKYKWCGPNW,1
O=C(O)Cc1ccccc1,MLYQYKRFGPRHMTQFMNRLIMSFQDLRGKNEEIFESKNCTSFASYAWRRQMDHWELDLQYQKKMVTTLMSNISGVCCPGDCRRECFNCWFQEWKYKWCGPNW,1
CC1=C(C=C(C=C1)NC(=O)C2=CC=C(C=C2)CN3CCN(CC3)C)NC4=NC=CC(=N4)C5=CN=CC=C5,AHAPHSYIERAGGSKMPQFFQEMQLHKPPWHTTWPFRPKRGQGRDRAWPAWPSDERHTPQWPGCHDMRTIQYLEWLMLLAIGSAHDAYSTFFYQSD,1
O=C(C)O,HAMFWAHIIRILQKSMSLFDMSGKTDHSMMAGENEFETEGQNHWKIRVENCYQKVLEDYHTPPNAYQEWAVGWRIFVDKEYFRKIWCPLVDQKEATTQAYSVMLMQMPYTDGLFSLGFYVTFQFSANQMNYDFAGHK,0
Cn1cnc2c1c(=O)n(C)c(=O)n2C,TIGSKHEFNSSFHLPSSYPHRVWWLYCCFADHEIYLIRACVWFWISLNIIGGLWECIVEVDNVWRHCMGRRRLYCNLLWTSFYIIGNPFYDFWSMPDYVTVAD,1
C1=CC=C(C=C1)C(=O)O,GSEWCQPMVYDFAFWLSNGIQEVANDVCTNFLDESGTYTSSVANNEKVPGKLARMDSPLNTMKEWECGREWYGIQATNMWRCQDHDYHRDCKKCFQFYKLWSMWTIFYAGGTPFYEKWPVE,1
C1=CC=C(C=C1)C2=CC=CC=C2,CCTQIFNCYSPIAKNCYRYFIIGMPCTYQIHRGSKQLSFIGNTQYTMVSIH,1
CCCCC,AHTRIFYGTKTQNNRTLNYLIIDWNTGNEQQEMPHCLKYFWYNWRWTPQHKNIDAIGETGQTKLREPSTKMDNVRYIVATQKVRNSCGQQLKSSCKYHVWRTGIVGKGNFY,1
CCC,AHAPHSYIERAGGSKMPQFFQEMQLHKPPWHTTWPFRPKRGQGRDRAWPAWPSDERHTPQWPGCHDMRTIQYLEWLMLLAIGSAHDAYSTFFYQSD,1
CC(=O)Oc1ccccc1C(=O)O,IDWLEYFKDIFDTPESDMNRNLTLSRESGMIYCICPQAREAQRSEACWYHEILHGTLWHVCAIPYIDILGTHPPYNLVQHKQMTIMCCPFFTVDTKGQDRILQSCRSNVAISQDVT,1
CCC,MLVGTEAVFQGIKAKVRRHDEHLVFGTPDPVHMLFQWALGNECGPPEGHMYHGENRMKTLHTDHPDWP,0
O=C(O)Cc1ccccc1,YHWRHHAAYCLTASPCNEVRYDQWIMRVVLCLGGPRHMSTDHPSWPISSLMKYHYDERCGIACLCRRGNWVNIRTCMGCMLCK,0
CCCC,HAMFWAHIIRILQKSMSLFDMSGKTDHSMMAGENEFETEGQNHWKIRVENCYQKVLEDYHTPPNAYQEWAVGWRIFVDKEYFRKIWCPLVDQKEATTQAYSVMLMQMPYTDGLFSLGFYVTFQFSANQMNYDFAGHK,0
C1=CC=C(C=C1)C2=CC=CC=C2,SCDHWTKRGHSCRCIFGFMATMWEQHWSVTFCAFFRISGAHNMYGWSYQSQRLPNHLCFGIEDNKSHWNLTCVAAFVNMVDADDECK,1
C1=CC=C(C=C1)C(=O)O,NGFHDTELQMMAAIEPMTVLSQSHPIWNVIRERNIYKGYADRSGAHFNNVSGKCCCLDTAWKRLAWPHIRIFNMGKENHRPLKHPCFDMLIFRWYGCIALLIPGEPRNGIWCEPYMVQDLF,1
c1ccccc1,DMNVTRKLIIWDEDHGLPTGLWKMKAWMPMEAGALDSNHRQRKHSKMAEILRDNAPMGWGMVMFILYSWEVRWVEWDTIQFASWVEIGCINPREC,1
CN1C=NC2=C1C(=O)N(C(=O)N2C)C,NGFHDTELQMMAAIEPMTVLSQSHPIWNVIRERNIYKGYADRSGAHFNNVSGKCCCLDTAWKRLAWPHIRIFNMGKENHRPLKHPCFDMLIFRWYGCIALLIPGEPRNGIWCEPYMVQDLF,0
Cn1cnc2c1c(=O)n(C)c(=O)n2C,MLYQYKRFGPRHMTQFMNRLIMSFQDLRGKNEEIFESKNCTSFASYAWRRQMDHWELDLQYQKKMVTTLMSNISGVCCPGDCRRECFNCWFQEWKYKWCGPNW,0
CCCCC,GSEWCQPMVYDFAFWLSNGIQEVANDVCTNFLDESGTYTSSVANNEKVPGKLARMDSPLNTMKEWECGREWYGIQATNMWRCQDHDYHRDCKKCFQFYKLWSMWTIFYAGGTPFYEKWPVE,0
O=C(O)Cc1ccccc1,GSEWCQPMVYDFAFWLSNGIQEVANDVCTNFLDESGTYTSSVANNEKVPGKLARMDSPLNTMKEWECGREWYGIQATNMWRCQDHDYHRDCKKCFQFYKLWSMWTIFYAGGTPFYEKWPVE,1
O=C(O)Cc1ccccc1,AHTRIFYGTKTQNNRTLNYLIIDWNTGNEQQEMPHCLKYFWYNWRWTPQHKNIDAIGETGQTKLREPSTKMDNVRYIVATQKVRNSCGQQLKSSCKYHVWRTGIVGKGNFY,1
Cn1cnc2c1c(=O)n(C)c(=O)n2C,LWMAHSTGGVKEYGCSRCQPMWKPRFPHRRTFYKITHLLFKCITACRMNDKTRSNMCWRQKGMVLTINIFERVGKGDYNQRCMRYYYSHYKYFMGDFRHYVQECCHWHGCCCTDADRFDGMCMMSHMDC,1
C1CC1N2C=C(C(=O)O)C3=CC(F)=C(N4CCNCC4)C=C3C2=O,YHWRHHAAYCLTASPCNEVRYDQWIMRVVLCLGGPRHMSTDHPSWPISSLMKYHYDERCGIACLCRRGNWVNIRTCMGCMLCK,0
CO,CCTQIFNCYSPIAKNCYRYFIIGMPCTYQIHRGSKQLSFIGNTQYTMVSIH,1
O=C(O)Cc1ccccc1,QEYMFVKRHPIRPARIKAFPLRTKEIELECCINPFPALMTSMVATLDHHYDMQAYNKTVNMVYSDYSCKFQWDPHKKEAVWVKETWIEQMNHVCLKATKNCEYDSWMILGDWYNHLYQRQSFHCWWCHIEMQIV,1
CC1(C(N2C(S1)C(C2=O)NC(=O)C(C3=CC=C(C=C3)O)N)C(=O)O)C,YHWRHHAAYCLTASPCNEVRYDQWIMRVVLCLGGPRHMSTDHPSWPISSLMKYHYDERCGIACLCRRGNWVNIRTCMGCMLCK,0
CCN,ELWFTWVFFNEDRAARLLFEKIKPHCRRLRHNNRHHTSCSNLDCSIKDQTKKSKSVNSLTILGEFNKGQMFREMFQCQVKHTSKKCMLHFKVPHAVVATNWITYDYRRYKYGNKKNAHDMTCRIEYLTEKGEAWCFPPRVINSHRMD,0
CC1=C(C=C(C=C1)NC(=O)C2=CC=C(C=C2)CN3CCN(CC3)C)NC4=NC=CC(=N4)C5=CN=CC=C5,GSEWCQPMVYDFAFWLSNGIQEVANDVCTNFLDESGTYTSSVANNEKVPGKLARMDSPLNTMKEWECGREWYGIQATNMWRCQDHDYHRDCKKCFQFYKLWSMWTIFYAGGTPFYEKWPVE,0
C1CC1N2C=C(C(=O)O)C3=CC(F)=C(N4CCNCC4)C=C3C2=O,YHWRHHAAYCLTASPCNEVRYDQWIMRVVLCLGGPRHMSTDHPSWPISSLMKYHYDERCGIACLCRRGNWVNIRTCMGCMLCK,1
CC1(C(N2C(S1)C(C2=O)NC(=O)C(C3=CC=C(C=C3)O)N)C(=O)O)C,QFVSDKPRDIKNLNDQNEYGQRTMQSWGEYTIMFDNETPQSWPFNENCTGIMAHVSCKNRPYLEFIWCFDCQKKCQLLDKFDYGNRDL,0
CC(=O)Nc1ccc(O)cc1,HAMFWAHIIRILQKSMSLFDMSGKTDHSMMAGENEFETEGQNHWKIRVENCYQKVLEDYHTPPNAYQEWAVGWRIFVDKEYFRKIWCPLVDQKEATTQAYSVMLMQMPYTDGLFSLGFYVTFQFSANQMNYDFAGHK,1
CCN,AHAPHSYIERAGGSKMPQFFQEMQLHKPPWHTTWPFRPKRGQGRDRAWPAWPSDERHTPQWPGCHDMRTIQYLEWLMLLAIGSAHDAYSTFFYQSD,1
C1=CC=C(C=C1)C(=O)O,DFSQRFPMWQHIIPYCWACQLHPISVQMENKIYAYDSQLKILSEWIIKDNSGYDGSVQGGLETTLYQCCPGYKIHSASKQYICNVCEECQQVPGWIRDMGAQMIICCAIYRQTYMIDCPVF,0
CCCC,AHAPHSYIERAGGSKMPQFFQEMQLHKPPWHTTWPFRPKRGQGRDRAWPAWPSDERHTPQWPGCHDMRTIQYLEWLMLLAIGSAHDAYSTFFYQSD,0
CCCC,NGFHDTELQMMAAIEPMTVLSQSHPIWNVIRERNIYKGYADRSGAHFNNVSGKCCCLDTAWKRLAWPHIRIFNMGKENHRPLKHPCFDMLIFRWYGCIALLIPGEPRNGIWCEPYMVQDLF,1
CC(C)Cc1ccc(cc1)C(C)C(=O)O,QFVSDKPRDIKNLNDQNEYGQRTMQSWGEYTIMFDNETPQSWPFNENCTGIMAHVSCKNRPYLEFIWCFDCQKKCQLLDKFDYGNRDL,0
CCO,QEPQMNIWYEYHANHWKTMAIDSVHRCFCLIVGNATIEHIGSAEIICCMTSVWITAKNDDPNALTIISTRFMNMDIFARQFAAFWYECNYVTGEEHGAPYCLMPQSKDTIYCLSWPNQMIGFKW,1
CC1=C(C=C(C=C1)NC(=O)C2=CC=C(C=C2)CN3CCN(CC3)C)NC4=NC=CC(=N4)C5=CN=CC=C5,AHTRIFYGTKTQNNRTLNYLIIDWNTGNEQQEMPHCLKYFWYNWRWTPQHKNIDAIGETGQTKLREPSTKMDNVRYIVATQKVRNSCGQQLKSSCKYHVWRTGIVGKGNFY,0
CC1(C(N2C(S1)C(C2=O)NC(=O)C(C3=CC=C(C=C3)O)N)C(=O)O)C,ELWFTWVFFNEDRAARLLFEKIKPHCRRLRHNNRHHTSCSNLDCSIKDQTKKSKSVNSLTILGEFNKGQMFREMFQCQVKHTSKKCMLHFKVPHAVVATNWITYDYRRYKYGNKKNAHDMTCRIEYLTEKGEAWCFPPRVINSHRMD,1
CN1C=NC2=C1C(=O)N(C(=O)N2C)C,CCTQIFNCYSPIAKNCYRYFIIGMPCTYQIHRGSKQLSFIGNTQYTMVSIH,0
C1=CC=C(C=C1)C(=O)O,LWMAHSTGGVKEYGCSRCQPMWKPRFPHRRTFYKITHLLFKCITACRMNDKTRSNMCWRQKGMVLTINIFERVGKGDYNQRCMRYYYSHYKYFMGDFRHYVQECCHWHGCCCTDADRFDGMCMMSHMDC,0
CCC,GWYGVIMTEHVDNNQTVDYLIQRTCFRCMDDCCTFSAHNKTKNSTVARTYTESSTHKLVHCGLIGDGVHYDWSYEFPNASDVNSGVSILFPDCHKLYVKMF,0
CC(=O)Nc1ccc(O)cc1,DMNVTRKLIIWDEDHGLPTGLWKMKAWMPMEAGALDSNHRQRKHSKMAEILRDNAPMGWGMVMFILYSWEVRWVEWDTIQFASWVEIGCINPREC,1
C1=CC=C(C=C1)C2=CC=CC=C2,HAMFWAHIIRILQKSMSLFDMSGKTDHSMMAGENEFETEGQNHWKIRVENCYQKVLEDYHTPPNAYQEWAVGWRIFVDKEYFRKIWCPLVDQKEATTQAYSVMLMQMPYTDGLFSLGFYVTFQFSANQMNYDFAGHK,0
CCC,DMNVTRKLIIWDEDHGLPTGLWKMKAWMPMEAGALDSNHRQRKHSKMAEILRDNAPMGWGMVMFILYSWEVRWVEWDTIQFASWVEIGCINPREC,1
CC(=O)Oc1ccccc1C(=O)O,VELYKQPWVQHVDIELFLEECTCEAAQLFMSGEWFDMMAPSISRMVFPRESAFKMDHQFWTQWIVPVRDQNE,0
CO,LWMAHSTGGVKEYGCSRCQPMWKPRFPHRRTFYKITHLLFKCITACRMNDKTRSNMCWRQKGMVLTINIFERVGKGDYNQRCMRYYYSHYKYFMGDFRHYVQECCHWHGCCCTDADRFDGMCMMSHMDC,1
CO,AHAPHSYIERAGGSKMPQFFQEMQLHKPPWHTTWPFRPKRGQGRDRAWPAWPSDERHTPQWPGCHDMRTIQYLEWLMLLAIGSAHDAYSTFFYQSD,0
O=C(O)Cc1ccccc1,ELWFTWVFFNEDRAARLLFEKIKPHCRRLRHNNRHHTSCSNLDCSIKDQTKKSKSVNSLTILGEFNKGQMFREMFQCQVKHTSKKCMLHFKVPHAVVATNWITYDYRRYKYGNKKNAHDMTCRIEYLTEKGEAWCFPPRVINSHRMD,1
C1=CC=C(C=C1)C2=CC=CC=C2,GWYGVIMTEHVDNNQTVDYLIQRTCFRCMDDCCTFSAHNKTKNSTVARTYTESSTHKLVHCGLIGDGVHYDWSYEFPNASDVNSGVSILFPDCHKLYVKMF,0
CC(C)Cc1ccc(cc1)C(C)C(=O)O,VELYKQPWVQHVDIELFLEECTCEAAQLFMSGEWFDMMAPSISRMVFPRESAFKMDHQFWTQWIVPVRDQNE,1
CC(=O)Oc1ccccc1C(=O)O,MLYQYKRFGPRHMTQFMNRLIMSFQDLRGKNEEIFESKNCTSFASYAWRRQMDHWELDLQYQKKMVTTLMSNISGVCCPGDCRRECFNCWFQEWKYKWCGPNW,0
CC1(C)S[C@@H]2[C@H](NC(=O)Cc3ccccc3)C(=O)N2[C@H]1C(=O)O,GSEWCQPMVYDFAFWLSNGIQEVANDVCTNFLDESGTYTSSVANNEKVPGKLARMDSPLNTMKEWECGREWYGIQATNMWRCQDHDYHRDCKKCFQFYKLWSMWTIFYAGGTPFYEKWPVE,1
CC1=C(C=C(C=C1)NC(=O)C2=CC=C(C=C2)CN3CCN(CC3)C)NC4=NC=CC(=N4)C5=CN=CC=C5,ELWFTWVFFNEDRAARLLFEKIKPHCRRLRHNNRHHTSCSNLDCSIKDQTKKSKSVNSLTILGEFNKGQMFREMFQCQVKHTSKKCMLHFKVPHAVVATNWITYDYRRYKYGNKKNAHDMTCRIEYLTEKGEAWCFPPRVINSHRMD,1
CCCC,GLQLVIMCWQIYIFSWGTGKWGGVWQLRSKSSTQEVAPSDMSIYADRHFFRTFAPCCEKKHAHLMLSMSVAITTKWFAYTQPPLVKKEYVRDDCPVCRSDSTRIQEWKAKMAIDWSVSYENRFEAWWECGPTK,0
CC1=C(C=C(C=C1)NC(=O)C2=CC=C(C=C2)CN3CCN(CC3)C)NC4=NC=CC(=N4)C5=CN=CC=C5,GPLSQKDEPFVKTQSYAMQTGHQTWDKQRDWDLKRMPVPEGITHESLEDCCGTLPILTTDWCLEGEPGG,0
CCCC,VELYKQPWVQHVDIELFLEECTCEAAQLFMSGEWFDMMAPSISRMVFPRESAFKMDHQFWTQWIVPVRDQNE,0
CCC,AHAPHSYIERAGGSKMPQFFQEMQLHKPPWHTTWPFRPKRGQGRDRAWPAWPSDERHTPQWPGCHDMRTIQYLEWLMLLAIGSAHDAYSTFFYQSD,1
CCN,ELWFTWVFFNEDRAARLLFEKIKPHCRRLRHNNRHHTSCSNLDCSIKDQTKKSKSVNSLTILGEFNKGQMFREMFQCQVKHTSKKCMLHFKVPHAVVATNWITYDYRRYKYGNKKNAHDMTCRIEYLTEKGEAWCFPPRVINSHRMD,0
CC1=C(C=C(C=C1)NC(=O)C2=CC=C(C=C2)CN3CCN(CC3)C)NC4=NC=CC(=N4)C5=CN=CC=C5,MLYQYKRFGPRHMTQFMNRLIMSFQDLRGKNEEIFESKNCTSFASYAWRRQMDHWELDLQYQKKMVTTLMSNISGVCCPGDCRRECFNCWFQEWKYKWCGPNW,0
c1ccccc1,DMNVTRKLIIWDEDHGLPTGLWKMKAWMPMEAGALDSNHRQRKHSKMAEILRDNAPMGWGMVMFILYSWEVRWVEWDTIQFASWVEIGCINPREC,0
CN1C=NC2=C1C(=O)N(C(=O)N2C)C,GSEWCQPMVYDFAFWLSNGIQEVANDVCTNFLDESGTYTSSVANNEKVPGKLARMDSPLNTMKEWECGREWYGIQATNMWRCQDHDYHRDCKKCFQFYKLWSMWTIFYAGGTPFYEKWPVE,0
C1CC1N2C=C(C(=O)O)C3=CC(F)=C(N4CCNCC4)C=C3C2=O,QEYMFVKRHPIRPARIKAFPLRTKEIELECCINPFPALMTSMVATLDHHYDMQAYNKTVNMVYSDYSCKFQWDPHKKEAVWVKETWIEQMNHVCLKATKNCEYDSWMILGDWYNHLYQRQSFHCWWCHIEMQIV,0
CC(C)Cc1ccc(cc1)C(C)C(=O)O,TTWIRDFESYKHLKPNSWINQQRIGLAMNMWGNVSSKHRENKMIHHARHRRNRMRGGCLMEVYYYMCWCEIYQCSRVYIVRKICTTEWQRDCRVPPDIDPWIEVNWSPYVLD,0
C1=CC=C(C=C1)C(=O)O,GLQLVIMCWQIYIFSWGTGKWGGVWQLRSKSSTQEVAPSDMSIYADRHFFRTFAPCCEKKHAHLMLSMSVAITTKWFAYTQPPLVKKEYVRDDCPVCRSDSTRIQEWKAKMAIDWSVSYENRFEAWWECGPTK,0
C1CC1N2C=C(C(=O)O)C3=CC(F)=C(N4CCNCC4)C=C3C2=O,HAMFWAHIIRILQKSMSLFDMSGKTDHSMMAGENEFETEGQNHWKIRVENCYQKVLEDYHTPPNAYQEWAVGWRIFVDKEYFRKIWCPLVDQKEATTQAYSVMLMQMPYTDGLFSLGFYVTFQFSANQMNYDFAGHK,1
O=C(C)O,HAMFWAHIIRILQKSMSLFDMSGKTDHSMMAGENEFETEGQNHWKIRVENCYQKVLEDYHTPPNAYQEWAVGWRIFVDKEYFRKIWCPLVDQKEATTQAYSVMLMQMPYTDGLFSLGFYVTFQFSANQMNYDFAGHK,0
c1ccccc1,ILYFQRGWNMFMTHYHHWPGGSHTSYDFVGVITFQVYGYVPENECDHLKTAFPKTAMVFAWDMMRFQTR,0
O=C(C)O,SCDHWTKRGHSCRCIFGFMATMWEQHWSVTFCAFFRISGAHNMYGWSYQSQRLPNHLCFGIEDNKSHWNLTCVAAFVNMVDADDECK,0
CC(=O)Nc1ccc(O)cc1,QFVSDKPRDIKNLNDQNEYGQRTMQSWGEYTIMFDNETPQSWPFNENCTGIMAHVSCKNRPYLEFIWCFDCQKKCQLLDKFDYGNRDL,0
CC1(C(N2C(S1)C(C2=O)NC(=O)C(C3=CC=C(C=C3)O)N)C(=O)O)C,GLQLVIMCWQIYIFSWGTGKWGGVWQLRSKSSTQEVAPSDMSIYADRHFFRTFAPCCEKKHAHLMLSMSVAITTKWFAYTQPPLVKKEYVRDDCPVCRSDSTRIQEWKAKMAIDWSVSYENRFEAWWECGPTK,1
CO,TIGSKHEFNSSFHLPSSYPHRVWWLYCCFADHEIYLIRACVWFWISLNIIGGLWECIVEVDNVWRHCMGRRRLYCNLLWTSFYIIGNPFYDFWSMPDYVTVAD,1
CC1(C)S[C@@H]2[C@H](NC(=O)Cc3ccccc3)C(=O)N2[C@H]1C(=O)O,NGFHDTELQMMAAIEPMTVLSQSHPIWNVIRERNIYKGYADRSGAHFNNVSGKCCCLDTAWKRLAWPHIRIFNMGKENHRPLKHPCFDMLIFRWYGCIALLIPGEPRNGIWCEPYMVQDLF,1
O=C(O)Cc1ccccc1,MLVGTEAVFQGIKAKVRRHDEHLVFGTPDPVHMLFQWALGNECGPPEGHMYHGENRMKTLHTDHPDWP,0
CC1=C(C=C(C=C1)NC(=O)C2=CC=C(C=C2)CN3CCN(CC3)C)NC4=NC=CC(=N4)C5=CN=CC=C5,LWMAHSTGGVKEYGCSRCQPMWKPRFPHRRTFYKITHLLFKCITACRMNDKTRSNMCWRQKGMVLTINIFERVGKGDYNQRCMRYYYSHYKYFMGDFRHYVQECCHWHGCCCTDADRFDGMCMMSHMDC,1
CC(C)Cc1ccc(cc1)C(C)C(=O)O,HAMFWAHIIRILQKSMSLFDMSGKTDHSMMAGENEFETEGQNHWKIRVENCYQKVLEDYHTPPNAYQEWAVGWRIFVDKEYFRKIWCPLVDQKEATTQAYSVMLMQMPYTDGLFSLGFYVTFQFSANQMNYDFAGHK,1
O=C(O)Cc1ccccc1,NGFHDTELQMMAAIEPMTVLSQSHPIWNVIRERNIYKGYADRSGAHFNNVSGKCCCLDTAWKRLAWPHIRIFNMGKENHRPLKHPCFDMLIFRWYGCIALLIPGEPRNGIWCEPYMVQDLF,0
CCN,AHTRIFYGTKTQNNRTLNYLIIDWNTGNEQQEMPHCLKYFWYNWRWTPQHKNIDAIGETGQTKLREPSTKMDNVRYIVATQKVRNSCGQQLKSSCKYHVWRTGIVGKGNFY,0
CC1=C(C=C(C=C1)NC(=O)C2=CC=C(C=C2)CN3CCN(CC3)C)NC4=NC=CC(=N4)C5=CN=CC=C5,GWYGVIMTEHVDNNQTVDYLIQRTCFRCMDDCCTFSAHNKTKNSTVARTYTESSTHKLVHCGLIGDGVHYDWSYEFPNASDVNSGVSILFPDCHKLYVKMF,1
O=C(O)Cc1ccccc1,QEPQMNIWYEYHANHWKTMAIDSVHRCFCLIVGNATIEHIGSAEIICCMTSVWITAKNDDPNALTIISTRFMNMDIFARQFAAFWYECNYVTGEEHGAPYCLMPQSKDTIYCLSWPNQMIGFKW,1
CCCCC,ILYFQRGWNMFMTHYHHWPGGSHTSYDFVGVITFQVYGYVPENECDHLKTAFPKTAMVFAWDMMRFQTR,0
CC(=O)Nc1ccc(O)cc1,MLVGTEAVFQGIKAKVRRHDEHLVFGTPDPVHMLFQWALGNECGPPEGHMYHGENRMKTLHTDHPDWP,0
CC1=C(C=C(C=C1)NC(=O)C2=CC=C(C=C2)CN3CCN(CC3)C)NC4=NC=CC(=N4)C5=CN=CC=C5,AHAPHSYIERAGGSKMPQFFQEMQLHKPPWHTTWPFRPKRGQGRDRAWPAWPSDERHTPQWPGCHDMRTIQYLEWLMLLAIGSAHDAYSTFFYQSD,1
CCC,MLYQYKRFGPRHMTQFMNRLIMSFQDLRGKNEEIFESKNCTSFASYAWRRQMDHWELDLQYQKKMVTTLMSNISGVCCPGDCRRECFNCWFQEWKYKWCGPNW,0
C1=CC=C(C=C1)C(=O)O,QFVSDKPRDIKNLNDQNEYGQRTMQSWGEYTIMFDNETPQSWPFNENCTGIMAHVSCKNRPYLEFIWCFDCQKKCQLLDKFDYGNRDL,1
C1CC1N2C=C(C(=O)O)C3=CC(F)=C(N4CCNCC4)C=C3C2=O,AHAPHSYIERAGGSKMPQFFQEMQLHKPPWHTTWPFRPKRGQGRDRAWPAWPSDERHTPQWPGCHDMRTIQYLEWLMLLAIGSAHDAYSTFFYQSD,1
CC1(C)S[C@@H]2[C@H](NC(=O)Cc3ccccc3)C(=O)N2[C@H]1C(=O)O,IDWLEYFKDIFDTPESDMNRNLTLSRESGMIYCICPQAREAQRSEACWYHEILHGTLWHVCAIPYIDILGTHPPYNLVQHKQMTIMCCPFFTVDTKGQDRILQSCRSNVAISQDVT,1
CN1C=NC2=C1C(=O)N(C(=O)N2C)C,TIGSKHEFNSSFHLPSSYPHRVWWLYCCFADHEIYLIRACVWFWISLNIIGGLWECIVEVDNVWRHCMGRRRLYCNLLWTSFYIIGNPFYDFWSMPDYVTVAD,1
CC(C)Cc1ccc(cc1)C(C)C(=O)O,YHWRHHAAYCLTASPCNEVRYDQWIMRVVLCLGGPRHMSTDHPSWPISSLMKYHYDERCGIACLCRRGNWVNIRTCMGCMLCK,0
CCO,DMNVTRKLIIWDEDHGLPTGLWKMKAWMPMEAGALDSNHRQRKHSKMAEILRDNAPMGWGMVMFILYSWEVRWVEWDTIQFASWVEIGCINPREC,1
CC1(C)S[C@@H]2[C@H](NC(=O)Cc3ccccc3)C(=O)N2[C@H]1C(=O)O,MLVGTEAVFQGIKAKVRRHDEHLVFGTPDPVHMLFQWALGNECGPPEGHMYHGENRMKTLHTDHPDWP,0
C1CC1N2C=C(C(=O)O)C3=CC(F)=C(N4CCNCC4)C=C3C2=O,HAMFWAHIIRILQKSMSLFDMSGKTDHSMMAGENEFETEGQNHWKIRVENCYQKVLEDYHTPPNAYQEWAVGWRIFVDKEYFRKIWCPLVDQKEATTQAYSVMLMQMPYTDGLFSLGFYVTFQFSANQMNYDFAGHK,0
CO,YHWRHHAAYCLTASPCNEVRYDQWIMRVVLCLGGPRHMSTDHPSWPISSLMKYHYDERCGIACLCRRGNWVNIRTCMGCMLCK,1
CCCC,QEPQMNIWYEYHANHWKTMAIDSVHRCFCLIVGNATIEHIGSAEIICCMTSVWITAKNDDPNALTIISTRFMNMDIFARQFAAFWYECNYVTGEEHGAPYCLMPQSKDTIYCLSWPNQMIGFKW,1
C1=CC=C(C=C1)C2=CC=CC=C2,GLQLVIMCWQIYIFSWGTGKWGGVWQLRSKSSTQEVAPSDMSIYADRHFFRTFAPCCEKKHAHLMLSMSVAITTKWFAYTQPPLVKKEYVRDDCPVCRSDSTRIQEWKAKMAIDWSVSYENRFEAWWECGPTK,1
CN1C=NC2=C1C(=O)N(C(=O)N2C)C,QEPQMNIWYEYHANHWKTMAIDSVHRCFCLIVGNATIEHIGSAEIICCMTSVWITAKNDDPNALTIISTRFMNMDIFARQFAAFWYECNYVTGEEHGAPYCLMPQSKDTIYCLSWPNQMIGFKW,0
C1=CC=C(C=C1)C2=CC=CC=C2,ILYFQRGWNMFMTHYHHWPGGSHTSYDFVGVITFQVYGYVPENECDHLKTAFPKTAMVFAWDMMRFQTR,0
C1CC1N2C=C(C(=O)O)C3=CC(F)=C(N4CCNCC4)C=C3C2=O,TTWIRDFESYKHLKPNSWINQQRIGLAMNMWGNVSSKHRENKMIHHARHRRNRMRGGCLMEVYYYMCWCEIYQCSRVYIVRKICTTEWQRDCRVPPDIDPWIEVNWSPYVLD,1
CC1=C(C=C(C=C1)NC(=O)C2=CC=C(C=C2)CN3CCN(CC3)C)NC4=NC=CC(=N4)C5=CN=CC=C5,IDWLEYFKDIFDTPESDMNRNLTLSRESGMIYCICPQAREAQRSEACWYHEILHGTLWHVCAIPYIDILGTHPPYNLVQHKQMTIMCCPFFTVDTKGQDRILQSCRSNVAISQDVT,0
O=C(C)O,AHAPHSYIERAGGSKMPQFFQEMQLHKPPWHTTWPFRPKRGQGRDRAWPAWPSDERHTPQWPGCHDMRTIQYLEWLMLLAIGSAHDAYSTFFYQSD,0
C1=CC=C(C=C1)C2=CC=CC=C2,LWMAHSTGGVKEYGCSRCQPMWKPRFPHRRTFYKITHLLFKCITACRMNDKTRSNMCWRQKGMVLTINIFERVGKGDYNQRCMRYYYSHYKYFMGDFRHYVQECCHWHGCCCTDADRFDGMCMMSHMDC,1
Cn1cnc2c1c(=O)n(C)c(=O)n2C,MLYQYKRFGPRHMTQFMNRLIMSFQDLRGKNEEIFESKNCTSFASYAWRRQMDHWELDLQYQKKMVTTLMSNISGVCCPGDCRRECFNCWFQEWKYKWCGPNW,1
Cn1cnc2c1c(=O)n(C)c(=O)n2C,MLYQYKRFGPRHMTQFMNRLIMSFQDLRGKNEEIFESKNCTSFASYAWRRQMDHWELDLQYQKKMVTTLMSNISGVCCPGDCRRECFNCWFQEWKYKWCGPNW,1
CC1(C)S[C@@H]2[C@H](NC(=O)Cc3ccccc3)C(=O)N2[C@H]1C(=O)O,SCDHWTKRGHSCRCIFGFMATMWEQHWSVTFCAFFRISGAHNMYGWSYQSQRLPNHLCFGIEDNKSHWNLTCVAAFVNMVDADDECK,1
c1ccccc1,GPLSQKDEPFVKTQSYAMQTGHQTWDKQRDWDLKRMPVPEGITHESLEDCCGTLPILTTDWCLEGEPGG,0
CC(C)Cc1ccc(cc1)C(C)C(=O)O,DFSQRFPMWQHIIPYCWACQLHPISVQMENKIYAYDSQLKILSEWIIKDNSGYDGSVQGGLETTLYQCCPGYKIHSASKQYICNVCEECQQVPGWIRDMGAQMIICCAIYRQTYMIDCPVF,0
C1=CC=C(C=C1)C2=CC=CC=C2,VELYKQPWVQHVDIELFLEECTCEAAQLFMSGEWFDMMAPSISRMVFPRESAFKMDHQFWTQWIVPVRDQNE,1
CC1(C)S[C@@H]2[C@H](NC(=O)Cc3ccccc3)C(=O)N2[C@H]1C(=O)O,GSEWCQPMVYDFAFWLSNGIQEVANDVCTNFLDESGTYTSSVANNEKVPGKLARMDSPLNTMKEWECGREWYGIQATNMWRCQDHDYHRDCKKCFQFYKLWSMWTIFYAGGTPFYEKWPVE,1
CC(C)Cc1ccc(cc1)C(C)C(=O)O,VELYKQPWVQHVDIELFLEECTCEAAQLFMSGEWFDMMAPSISRMVFPRESAFKMDHQFWTQWIVPVRDQNE,0
CCN,GWYGVIMTEHVDNNQTVDYLIQRTCFRCMDDCCTFSAHNKTKNSTVARTYTESSTHKLVHCGLIGDGVHYDWSYEFPNASDVNSGVSILFPDCHKLYVKMF,1
CCO,AHTRIFYGTKTQNNRTLNYLIIDWNTGNEQQEMPHCLKYFWYNWRWTPQHKNIDAIGETGQTKLREPSTKMDNVRYIVATQKVRNSCGQQLKSSCKYHVWRTGIVGKGNFY,0
O=C(O)Cc1ccccc1,TIGSKHEFNSSFHLPSSYPHRVWWLYCCFADHEIYLIRACVWFWISLNIIGGLWECIVEVDNVWRHCMGRRRLYCNLLWTSFYIIGNPFYDFWSMPDYVTVAD,1
CCN,MLYQYKRFGPRHMTQFMNRLIMSFQDLRGKNEEIFESKNCTSFASYAWRRQMDHWELDLQYQKKMVTTLMSNISGVCCPGDCRRECFNCWFQEWKYKWCGPNW,0
CCN,DMNVTRKLIIWDEDHGLPTGLWKMKAWMPMEAGALDSNHRQRKHSKMAEILRDNAPMGWGMVMFILYSWEVRWVEWDTIQFASWVEIGCINPREC,1
CCO,MLYQYKRFGPRHMTQFMNRLIMSFQDLRGKNEEIFESKNCTSFASYAWRRQMDHWELDLQYQKKMVTTLMSNISGVCCPGDCRRECFNCWFQEWKYKWCGPNW,0
CCCCC,MLYQYKRFGPRHMTQFMNRLIMSFQDLRGKNEEIFESKNCTSFASYAWRRQMDHWELDLQYQKKMVTTLMSNISGVCCPGDCRRECFNCWFQEWKYKWCGPNW,1
CCC,GWYGVIMTEHVDNNQTVDYLIQRTCFRCMDDCCTFSAHNKTKNSTVARTYTESSTHKLVHCGLIGDGVHYDWSYEFPNASDVNSGVSILFPDCHKLYVKMF,1
CC1(C)S[C@@H]2[C@H](NC(=O)Cc3ccccc3)C(=O)N2[C@H]1C(=O)O,DFSQRFPMWQHIIPYCWACQLHPISVQMENKIYAYDSQLKILSEWIIKDNSGYDGSVQGGLETTLYQCCPGYKIHSASKQYICNVCEECQQVPGWIRDMGAQMIICCAIYRQTYMIDCPVF,1
CCN,IDWLEYFKDIFDTPESDMNRNLTLSRESGMIYCICPQAREAQRSEACWYHEILHGTLWHVCAIPYIDILGTHPPYNLVQHKQMTIMCCPFFTVDTKGQDRILQSCRSNVAISQDVT,0
CCCCC,QEPQMNIWYEYHANHWKTMAIDSVHRCFCLIVGNATIEHIGSAEIICCMTSVWITAKNDDPNALTIISTRFMNMDIFARQFAAFWYECNYVTGEEHGAPYCLMPQSKDTIYCLSWPNQMIGFKW,1
CC(=O)Nc1ccc(O)cc1,NGFHDTELQMMAAIEPMTVLSQSHPIWNVIRERNIYKGYADRSGAHFNNVSGKCCCLDTAWKRLAWPHIRIFNMGKENHRPLKHPCFDMLIFRWYGCIALLIPGEPRNGIWCEPYMVQDLF,0
c1ccccc1,IDWLEYFKDIFDTPESDMNRNLTLSRESGMIYCICPQAREAQRSEACWYHEILHGTLWHVCAIPYIDILGTHPPYNLVQHKQMTIMCCPFFTVDTKGQDRILQSCRSNVAISQDVT,1
CCO,MLYQYKRFGPRHMTQFMNRLIMSFQDLRGKNEEIFESKNCTSFASYAWRRQMDHWELDLQYQKKMVTTLMSNISGVCCPGDCRRECFNCWFQEWKYKWCGPNW,0
CN1C=NC2=C1C(=O)N(C(=O)N2C)C,MLVGTEAVFQGIKAKVRRHDEHLVFGTPDPVHMLFQWALGNECGPPEGHMYHGENRMKTLHTDHPDWP,1
c1ccccc1,CCTQIFNCYSPIAKNCYRYFIIGMPCTYQIHRGSKQLSFIGNTQYTMVSIH,0
C1=CC=C(C=C1)C(=O)O,DMNVTRKLIIWDEDHGLPTGLWKMKAWMPMEAGALDSNHRQRKHSKMAEILRDNAPMGWGMVMFILYSWEVRWVEWDTIQFASWVEIGCINPREC,0
O=C(C)O,LWMAHSTGGVKEYGCSRCQPMWKPRFPHRRTFYKITHLLFKCITACRMNDKTRSNMCWRQKGMVLTINIFERVGKGDYNQRCMRYYYSHYKYFMGDFRHYVQECCHWHGCCCTDADRFDGMCMMSHMDC,0
CC(C)Cc1ccc(cc1)C(C)C(=O)O,GWYGVIMTEHVDNNQTVDYLIQRTCFRCMDDCCTFSAHNKTKNSTVARTYTESSTHKLVHCGLIGDGVHYDWSYEFPNASDVNSGVSILFPDCHKLYVKMF,0
CCC,QEPQMNIWYEYHANHWKTMAIDSVHRCFCLIVGNATIEHIGSAEIICCMTSVWITAKNDDPNALTIISTRFMNMDIFARQFAAFWYECNYVTGEEHGAPYCLMPQSKDTIYCLSWPNQMIGFKW,0
CC1=C(C=C(C=C1)NC(=O)C2=CC=C(C=C2)CN3CCN(CC3)C)NC4=NC=CC(=N4)C5=CN=CC=C5,GSEWCQPMVYDFAFWLSNGIQEVANDVCTNFLDESGTYTSSVANNEKVPGKLARMDSPLNTMKEWECGREWYGIQATNMWRCQDHDYHRDCKKCFQFYKLWSMWTIFYAGGTPFYEKWPVE,0
CC1(C)S[C@@H]2[C@H](NC(=O)Cc3ccccc3)C(=O)N2[C@H]1C(=O)O,GLQLVIMCWQIYIFSWGTGKWGGVWQLRSKSSTQEVAPSDMSIYADRHFFRTFAPCCEKKHAHLMLSMSVAITTKWFAYTQPPLVKKEYVRDDCPVCRSDSTRIQEWKAKMAIDWSVSYENRFEAWWECGPTK,0
O=C(C)O,QFVSDKPRDIKNLNDQNEYGQRTMQSWGEYTIMFDNETPQSWPFNENCTGIMAHVSCKNRPYLEFIWCFDCQKKCQLLDKFDYGNRDL,1
CC(C)Cc1ccc(cc1)C(C)C(=O)O,YHWRHHAAYCLTASPCNEVRYDQWIMRVVLCLGGPRHMSTDHPSWPISSLMKYHYDERCGIACLCRRGNWVNIRTCMGCMLCK,0
CCCCC,QFVSDKPRDIKNLNDQNEYGQRTMQSWGEYTIMFDNETPQSWPFNENCTGIMAHVSCKNRPYLEFIWCFDCQKKCQLLDKFDYGNRDL,1
CC1(C(N2C(S1)C(C2=O)NC(=O)C(C3=CC=C(C=C3)O)N)C(=O)O)C,QFVSDKPRDIKNLNDQNEYGQRTMQSWGEYTIMFDNETPQSWPFNENCTGIMAHVSCKNRPYLEFIWCFDCQKKCQLLDKFDYGNRDL,0
CC1(C(N2C(S1)C(C2=O)NC(=O)C(C3=CC=C(C=C3)O)N)C(=O)O)C,TIGSKHEFNSSFHLPSSYPHRVWWLYCCFADHEIYLIRACVWFWISLNIIGGLWECIVEVDNVWRHCMGRRRLYCNLLWTSFYIIGNPFYDFWSMPDYVTVAD,0
CC(=O)Oc1ccccc1C(=O)O,NGFHDTELQMMAAIEPMTVLSQSHPIWNVIRERNIYKGYADRSGAHFNNVSGKCCCLDTAWKRLAWPHIRIFNMGKENHRPLKHPCFDMLIFRWYGCIALLIPGEPRNGIWCEPYMVQDLF,1
CC1(C)S[C@@H]2[C@H](NC(=O)Cc3ccccc3)C(=O)N2[C@H]1C(=O)O,IDWLEYFKDIFDTPESDMNRNLTLSRESGMIYCICPQAREAQRSEACWYHEILHGTLWHVCAIPYIDILGTHPPYNLVQHKQMTIMCCPFFTVDTKGQDRILQSCRSNVAISQDVT,1
C1=CC=C(C=C1)C2=CC=CC=C2,QEPQMNIWYEYHANHWKTMAIDSVHRCFCLIVGNATIEHIGSAEIICCMTSVWITAKNDDPNALTIISTRFMNMDIFARQFAAFWYECNYVTGEEHGAPYCLMPQSKDTIYCLSWPNQMIGFKW,1
CC1=C(C=C(C=C1)NC(=O)C2=CC=C(C=C2)CN3CCN(CC3)C)NC4=NC=CC(=N4)C5=CN=CC=C5,SCDHWTKRGHSCRCIFGFMATMWEQHWSVTFCAFFRISGAHNMYGWSYQSQRLPNHLCFGIEDNKSHWNLTCVAAFVNMVDADDECK,0
CCCC,GPLSQKDEPFVKTQSYAMQTGHQTWDKQRDWDLKRMPVPEGITHESLEDCCGTLPILTTDWCLEGEPGG,1
c1ccccc1,LWMAHSTGGVKEYGCSRCQPMWKPRFPHRRTFYKITHLLFKCITACRMNDKTRSNMCWRQKGMVLTINIFERVGKGDYNQRCMRYYYSHYKYFMGDFRHYVQECCHWHGCCCTDADRFDGMCMMSHMDC,1
O=C(C)O,ILYFQRGWNMFMTHYHHWPGGSHTSYDFVGVITFQVYGYVPENECDHLKTAFPKTAMVFAWDMMRFQTR,0
c1ccccc1,LWMAHSTGGVKEYGCSRCQPMWKPRFPHRRTFYKITHLLFKCITACRMNDKTRSNMCWRQKGMVLTINIFERVGKGDYNQRCMRYYYSHYKYFMGDFRHYVQECCHWHGCCCTDADRFDGMCMMSHMDC,1
O=C(O)Cc1ccccc1,VELYKQPWVQHVDIELFLEECTCEAAQLFMSGEWFDMMAPSISRMVFPRESAFKMDHQFWTQWIVPVRDQNE,1
C1=CC=C(C=C1)C2=CC=CC=C2,ELWFTWVFFNEDRAARLLFEKIKPHCRRLRHNNRHHTSCSNLDCSIKDQTKKSKSVNSLTILGEFNKGQMFREMFQCQVKHTSKKCMLHFKVPHAVVATNWITYDYRRYKYGNKKNAHDMTCRIEYLTEKGEAWCFPPRVINSHRMD,0
CN1C=NC2=C1C(=O)N(C(=O)N2C)C,SCDHWTKRGHSCRCIFGFMATMWEQHWSVTFCAFFRISGAHNMYGWSYQSQRLPNHLCFGIEDNKSHWNLTCVAAFVNMVDADDECK,1
O=C(C)O,IDWLEYFKDIFDTPESDMNRNLTLSRESGMIYCICPQAREAQRSEACWYHEILHGTLWHVCAIPYIDILGTHPPYNLVQHKQMTIMCCPFFTVDTKGQDRILQSCRSNVAISQDVT,1
CC(=O)Oc1ccccc1C(=O)O,TTWIRDFESYKHLKPNSWINQQRIGLAMNMWGNVSSKHRENKMIHHARHRRNRMRGGCLMEVYYYMCWCEIYQCSRVYIVRKICTTEWQRDCRVPPDIDPWIEVNWSPYVLD,0
CC(=O)Nc1ccc(O)cc1,GLQLVIMCWQIYIFSWGTGKWGGVWQLRSKSSTQEVAPSDMSIYADRHFFRTFAPCCEKKHAHLMLSMSVAITTKWFAYTQPPLVKKEYVRDDCPVCRSDSTRIQEWKAKMAIDWSVSYENRFEAWWECGPTK,0
CC(=O)Nc1ccc(O)cc1,ELWFTWVFFNEDRAARLLFEKIKPHCRRLRHNNRHHTSCSNLDCSIKDQTKKSKSVNSLTILGEFNKGQMFREMFQCQVKHTSKKCMLHFKVPHAVVATNWITYDYRRYKYGNKKNAHDMTCRIEYLTEKGEAWCFPPRVINSHRMD,0
O=C(O)Cc1ccccc1,VELYKQPWVQHVDIELFLEECTCEAAQLFMSGEWFDMMAPSISRMVFPRESAFKMDHQFWTQWIVPVRDQNE,0
CC(C)Cc1ccc(cc1)C(C)C(=O)O,GWYGVIMTEHVDNNQTVDYLIQRTCFRCMDDCCTFSAHNKTKNSTVARTYTESSTHKLVHCGLIGDGVHYDWSYEFPNASDVNSGVSILFPDCHKLYVKMF,1
C1=CC=C(C=C1)C(=O)O,LWMAHSTGGVKEYGCSRCQPMWKPRFPHRRTFYKITHLLFKCITACRMNDKTRSNMCWRQKGMVLTINIFERVGKGDYNQRCMRYYYSHYKYFMGDFRHYVQECCHWHGCCCTDADRFDGMCMMSHMDC,0
Cn1cnc2c1c(=O)n(C)c(=O)n2C,HAMFWAHIIRILQKSMSLFDMSGKTDHSMMAGENEFETEGQNHWKIRVENCYQKVLEDYHTPPNAYQEWAVGWRIFVDKEYFRKIWCPLVDQKEATTQAYSVMLMQMPYTDGLFSLGFYVTFQFSANQMNYDFAGHK,1
CO,GLQLVIMCWQIYIFSWGTGKWGGVWQLRSKSSTQEVAPSDMSIYADRHFFRTFAPCCEKKHAHLMLSMSVAITTKWFAYTQPPLVKKEYVRDDCPVCRSDSTRIQEWKAKMAIDWSVSYENRFEAWWECGPTK,1
C1=CC=C(C=C1)C(=O)O,HAMFWAHIIRILQKSMSLFDMSGKTDHSMMAGENEFETEGQNHWKIRVENCYQKVLEDYHTPPNAYQEWAVGWRIFVDKEYFRKIWCPLVDQKEATTQAYSVMLMQMPYTDGLFSLGFYVTFQFSANQMNYDFAGHK,0
CC(=O)Nc1ccc(O)cc1,GPLSQKDEPFVKTQSYAMQTGHQTWDKQRDWDLKRMPVPEGITHESLEDCCGTLPILTTDWCLEGEPGG,1
CN1C=NC2=C1C(=O)N(C(=O)N2C)C,AHAPHSYIERAGGSKMPQFFQEMQLHKPPWHTTWPFRPKRGQGRDRAWPAWPSDERHTPQWPGCHDMRTIQYLEWLMLLAIGSAHDAYSTFFYQSD,0
CC(C)Cc1ccc(cc1)C(C)C(=O)O,MLVGTEAVFQGIKAKVRRHDEHLVFGTPDPVHMLFQWALGNECGPPEGHMYHGENRMKTLHTDHPDWP,1
CC(=O)Oc1ccccc1C(=O)O,GSEWCQPMVYDFAFWLSNGIQEVANDVCTNFLDESGTYTSSVANNEKVPGKLARMDSPLNTMKEWECGREWYGIQATNMWRCQDHDYHRDCKKCFQFYKLWSMWTIFYAGGTPFYEKWPVE,1
C1=CC=C(C=C1)C(=O)O,AHAPHSYIERAGGSKMPQFFQEMQLHKPPWHTTWPFRPKRGQGRDRAWPAWPSDERHTPQWPGCHDMRTIQYLEWLMLLAIGSAHDAYSTFFYQSD,1
c1ccccc1,CCTQIFNCYSPIAKNCYRYFIIGMPCTYQIHRGSKQLSFIGNTQYTMVSIH,1
CCN,SCDHWTKRGHSCRCIFGFMATMWEQHWSVTFCAFFRISGAHNMYGWSYQSQRLPNHLCFGIEDNKSHWNLTCVAAFVNMVDADDECK,0
CCC,QEYMFVKRHPIRPARIKAFPLRTKEIELECCINPFPALMTSMVATLDHHYDMQAYNKTVNMVYSDYSCKFQWDPHKKEAVWVKETWIEQMNHVCLKATKNCEYDSWMILGDWYNHLYQRQSFHCWWCHIEMQIV,1
CC1(C)S[C@@H]2[C@H](NC(=O)Cc3ccccc3)C(=O)N2[C@H]1C(=O)O,ELWFTWVFFNEDRAARLLFEKIKPHCRRLRHNNRHHTSCSNLDCSIKDQTKKSKSVNSLTILGEFNKGQMFREMFQCQVKHTSKKCMLHFKVPHAVVATNWITYDYRRYKYGNKKNAHDMTCRIEYLTEKGEAWCFPPRVINSHRMD,1
CO,AHTRIFYGTKTQNNRTLNYLIIDWNTGNEQQEMPHCLKYFWYNWRWTPQHKNIDAIGETGQTKLREPSTKMDNVRYIVATQKVRNSCGQQLKSSCKYHVWRTGIVGKGNFY,1
CC(=O)Nc1ccc(O)cc1,GPLSQKDEPFVKTQSYAMQTGHQTWDKQRDWDLKRMPVPEGITHESLEDCCGTLPILTTDWCLEGEPGG,0
c1ccccc1,AHTRIFYGTKTQNNRTLNYLIIDWNTGNEQQEMPHCLKYFWYNWRWTPQHKNIDAIGETGQTKLREPSTKMDNVRYIVATQKVRNSCGQQLKSSCKYHVWRTGIVGKGNFY,0
CN1C=NC2=C1C(=O)N(C(=O)N2C)C,QEYMFVKRHPIRPARIKAFPLRTKEIELECCINPFPALMTSMVATLDHHYDMQAYNKTVNMVYSDYSCKFQWDPHKKEAVWVKETWIEQMNHVCLKATKNCEYDSWMILGDWYNHLYQRQSFHCWWCHIEMQIV,1
Cn1cnc2c1c(=O)n(C)c(=O)n2C,GWYGVIMTEHVDNNQTVDYLIQRTCFRCMDDCCTFSAHNKTKNSTVARTYTESSTHKLVHCGLIGDGVHYDWSYEFPNASDVNSGVSILFPDCHKLYVKMF,1
CCCCC,GWYGVIMTEHVDNNQTVDYLIQRTCFRCMDDCCTFSAHNKTKNSTVARTYTESSTHKLVHCGLIGDGVHYDWSYEFPNASDVNSGVSILFPDCHKLYVKMF,1
CN1C=NC2=C1C(=O)N(C(=O)N2C)C,GSEWCQPMVYDFAFWLSNGIQEVANDVCTNFLDESGTYTSSVANNEKVPGKLARMDSPLNTMKEWECGREWYGIQATNMWRCQDHDYHRDCKKCFQFYKLWSMWTIFYAGGTPFYEKWPVE,0
CCCCC,QEYMFVKRHPIRPARIKAFPLRTKEIELECCINPFPALMTSMVATLDHHYDMQAYNKTVNMVYSDYSCKFQWDPHKKEAVWVKETWIEQMNHVCLKATKNCEYDSWMILGDWYNHLYQRQSFHCWWCHIEMQIV,1
CCN,QEPQMNIWYEYHANHWKTMAIDSVHRCFCLIVGNATIEHIGSAEIICCMTSVWITAKNDDPNALTIISTRFMNMDIFARQFAAFWYECNYVTGEEHGAPYCLMPQSKDTIYCLSWPNQMIGFKW,0
CC(C)Cc1ccc(cc1)C(C)C(=O)O,AHTRIFYGTKTQNNRTLNYLIIDWNTGNEQQEMPHCLKYFWYNWRWTPQHKNIDAIGETGQTKLREPSTKMDNVRYIVATQKVRNSCGQQLKSSCKYHVWRTGIVGKGNFY,0
CC(C)Cc1ccc(cc1)C(C)C(=O)O,GPLSQKDEPFVKTQSYAMQTGHQTWDKQRDWDLKRMPVPEGITHESLEDCCGTLPILTTDWCLEGEPGG,1
CC(=O)Nc1ccc(O)cc1,HAMFWAHIIRILQKSMSLFDMSGKTDHSMMAGENEFETEGQNHWKIRVENCYQKVLEDYHTPPNAYQEWAVGWRIFVDKEYFRKIWCPLVDQKEATTQAYSVMLMQMPYTDGLFSLGFYVTFQFSANQMNYDFAGHK,0
CC(C)Cc1ccc(cc1)C(C)C(=O)O,QEYMFVKRHPIRPARIKAFPLRTKEIELECCINPFPALMTSMVATLDHHYDMQAYNKTVNMVYSDYSCKFQWDPHKKEAVWVKETWIEQMNHVCLKATKNCEYDSWMILGDWYNHLYQRQSFHCWWCHIEMQIV,0
CC(=O)Oc1ccccc1C(=O)O,DFSQRFPMWQHIIPYCWACQLHPISVQMENKIYAYDSQLKILSEWIIKDNSGYDGSVQGGLETTLYQCCPGYKIHSASKQYICNVCEECQQVPGWIRDMGAQMIICCAIYRQTYMIDCPVF,1
Cn1cnc2c1c(=O)n(C)c(=O)n2C,DFSQRFPMWQHIIPYCWACQLHPISVQMENKIYAYDSQLKILSEWIIKDNSGYDGSVQGGLETTLYQCCPGYKIHSASKQYICNVCEECQQVPGWIRDMGAQMIICCAIYRQTYMIDCPVF,0
CC1(C)S[C@@H]2[C@H](NC(=O)Cc3ccccc3)C(=O)N2[C@H]1C(=O)O,AHTRIFYGTKTQNNRTLNYLIIDWNTGNEQQEMPHCLKYFWYNWRWTPQHKNIDAIGETGQTKLREPSTKMDNVRYIVATQKVRNSCGQQLKSSCKYHVWRTGIVGKGNFY,0
C1CC1N2C=C(C(=O)O)C3=CC(F)=C(N4CCNCC4)C=C3C2=O,GWYGVIMTEHVDNNQTVDYLIQRTCFRCMDDCCTFSAHNKTKNSTVARTYTESSTHKLVHCGLIGDGVHYDWSYEFPNASDVNSGVSILFPDCHKLYVKMF,1
C1CC1N2C=C(C(=O)O)C3=CC(F)=C(N4CCNCC4)C=C3C2=O,SCDHWTKRGHSCRCIFGFMATMWEQHWSVTFCAFFRISGAHNMYGWSYQSQRLPNHLCFGIEDNKSHWNLTCVAAFVNMVDADDECK,1
CCCC,QEPQMNIWYEYHANHWKTMAIDSVHRCFCLIVGNATIEHIGSAEIICCMTSVWITAKNDDPNALTIISTRFMNMDIFARQFAAFWYECNYVTGEEHGAPYCLMPQSKDTIYCLSWPNQMIGFKW,0
c1ccccc1,GLQLVIMCWQIYIFSWGTGKWGGVWQLRSKSSTQEVAPSDMSIYADRHFFRTFAPCCEKKHAHLMLSMSVAITTKWFAYTQPPLVKKEYVRDDCPVCRSDSTRIQEWKAKMAIDWSVSYENRFEAWWECGPTK,0
c1ccccc1,GWYGVIMTEHVDNNQTVDYLIQRTCFRCMDDCCTFSAHNKTKNSTVARTYTESSTHKLVHCGLIGDGVHYDWSYEFPNASDVNSGVSILFPDCHKLYVKMF,0
CC1=C(C=C(C=C1)NC(=O)C2=CC=C(C=C2)CN3CCN(CC3)C)NC4=NC=CC(=N4)C5=CN=CC=C5,LWMAHSTGGVKEYGCSRCQPMWKPRFPHRRTFYKITHLLFKCITACRMNDKTRSNMCWRQKGMVLTINIFERVGKGDYNQRCMRYYYSHYKYFMGDFRHYVQECCHWHGCCCTDADRFDGMCMMSHMDC,1
O=C(C)O,GSEWCQPMVYDFAFWLSNGIQEVANDVCTNFLDESGTYTSSVANNEKVPGKLARMDSPLNTMKEWECGREWYGIQATNMWRCQDHDYHRDCKKCFQFYKLWSMWTIFYAGGTPFYEKWPVE,1
CC1(C(N2C(S1)C(C2=O)NC(=O)C(C3=CC=C(C=C3)O)N)C(=O)O)C,HAMFWAHIIRILQKSMSLFDMSGKTDHSMMAGENEFETEGQNHWKIRVENCYQKVLEDYHTPPNAYQEWAVGWRIFVDKEYFRKIWCPLVDQKEATTQAYSVMLMQMPYTDGLFSLGFYVTFQFSANQMNYDFAGHK,1
CC(=O)Oc1ccccc1C(=O)O,GLQLVIMCWQIYIFSWGTGKWGGVWQLRSKSSTQEVAPSDMSIYADRHFFRTFAPCCEKKHAHLMLSMSVAITTKWFAYTQPPLVKKEYVRDDCPVCRSDSTRIQEWKAKMAIDWSVSYENRFEAWWECGPTK,1
CC(=O)Oc1ccccc1C(=O)O,SCDHWTKRGHSCRCIFGFMATMWEQHWSVTFCAFFRISGAHNMYGWSYQSQRLPNHLCFGIEDNKSHWNLTCVAAFVNMVDADDECK,1
CC1=C(C=C(C=C1)NC(=O)C2=CC=C(C=C2)CN3CCN(CC3)C)NC4=NC=CC(=N4)C5=CN=CC=C5,GPLSQKDEPFVKTQSYAMQTGHQTWDKQRDWDLKRMPVPEGITHESLEDCCGTLPILTTDWCLEGEPGG,0
CCCC,ELWFTWVFFNEDRAARLLFEKIKPHCRRLRHNNRHHTSCSNLDCSIKDQTKKSKSVNSLTILGEFNKGQMFREMFQCQVKHTSKKCMLHFKVPHAVVATNWITYDYRRYKYGNKKNAHDMTCRIEYLTEKGEAWCFPPRVINSHRMD,1
CCCCC,TTWIRDFESYKHLKPNSWINQQRIGLAMNMWGNVSSKHRENKMIHHARHRRNRMRGGCLMEVYYYMCWCEIYQCSRVYIVRKICTTEWQRDCRVPPDIDPWIEVNWSPYVLD,1
CC(=O)Nc1ccc(O)cc1,AHAPHSYIERAGGSKMPQFFQEMQLHKPPWHTTWPFRPKRGQGRDRAWPAWPSDERHTPQWPGCHDMRTIQYLEWLMLLAIGSAHDAYSTFFYQSD,0
CC1(C(N2C(S1)C(C2=O)NC(=O)C(C3=CC=C(C=C3)O)N)C(=O)O)C,QEPQMNIWYEYHANHWKTMAIDSVHRCFCLIVGNATIEHIGSAEIICCMTSVWITAKNDDPNALTIISTRFMNMDIFARQFAAFWYECNYVTGEEHGAPYCLMPQSKDTIYCLSWPNQMIGFKW,1
CCC,DMNVTRKLIIWDEDHGLPTGLWKMKAWMPMEAGALDSNHRQRKHSKMAEILRDNAPMGWGMVMFILYSWEVRWVEWDTIQFASWVEIGCINPREC,0
C1CC1N2C=C(C(=O)O)C3=CC(F)=C(N4CCNCC4)C=C3C2=O,GLQLVIMCWQIYIFSWGTGKWGGVWQLRSKSSTQEVAPSDMSIYADRHFFRTFAPCCEKKHAHLMLSMSVAITTKWFAYTQPPLVKKEYVRDDCPVCRSDSTRIQEWKAKMAIDWSVSYENRFEAWWECGPTK,0
CCO,DFSQRFPMWQHIIPYCWACQLHPISVQMENKIYAYDSQLKILSEWIIKDNSGYDGSVQGGLETTLYQCCPGYKIHSASKQYICNVCEECQQVPGWIRDMGAQMIICCAIYRQTYMIDCPVF,1
CC1=C(C=C(C=C1)NC(=O)C2=CC=C(C=C2)CN3CCN(CC3)C)NC4=NC=CC(=N4)C5=CN=CC=C5,QEYMFVKRHPIRPARIKAFPLRTKEIELECCINPFPALMTSMVATLDHHYDMQAYNKTVNMVYSDYSCKFQWDPHKKEAVWVKETWIEQMNHVCLKATKNCEYDSWMILGDWYNHLYQRQSFHCWWCHIEMQIV,0
Cn1cnc2c1c(=O)n(C)c(=O)n2C,SCDHWTKRGHSCRCIFGFMATMWEQHWSVTFCAFFRISGAHNMYGWSYQSQRLPNHLCFGIEDNKSHWNLTCVAAFVNMVDADDECK,1
CC1=C(C=C(C=C1)NC(=O)C2=CC=C(C=C2)CN3CCN(CC3)C)NC4=NC=CC(=N4)C5=CN=CC=C5,TIGSKHEFNSSFHLPSSYPHRVWWLYCCFADHEIYLIRACVWFWISLNIIGGLWECIVEVDNVWRHCMGRRRLYCNLLWTSFYIIGNPFYDFWSMPDYVTVAD,1
O=C(O)Cc1ccccc1,MLVGTEAVFQGIKAKVRRHDEHLVFGTPDPVHMLFQWALGNECGPPEGHMYHGENRMKTLHTDHPDWP,0
CCCCC,TIGSKHEFNSSFHLPSSYPHRVWWLYCCFADHEIYLIRACVWFWISLNIIGGLWECIVEVDNVWRHCMGRRRLYCNLLWTSFYIIGNPFYDFWSMPDYVTVAD,0
C1=CC=C(C=C1)C2=CC=CC=C2,CCTQIFNCYSPIAKNCYRYFIIGMPCTYQIHRGSKQLSFIGNTQYTMVSIH,1
CCC,GLQLVIMCWQIYIFSWGTGKWGGVWQLRSKSSTQEVAPSDMSIYADRHFFRTFAPCCEKKHAHLMLSMSVAITTKWFAYTQPPLVKKEYVRDDCPVCRSDSTRIQEWKAKMAIDWSVSYENRFEAWWECGPTK,1
C1CC1N2C=C(C(=O)O)C3=CC(F)=C(N4CCNCC4)C=C3C2=O,DFSQRFPMWQHIIPYCWACQLHPISVQMENKIYAYDSQLKILSEWIIKDNSGYDGSVQGGLETTLYQCCPGYKIHSASKQYICNVCEECQQVPGWIRDMGAQMIICCAIYRQTYMIDCPVF,0
C1=CC=C(C=C1)C(=O)O,GSEWCQPMVYDFAFWLSNGIQEVANDVCTNFLDESGTYTSSVANNEKVPGKLARMDSPLNTMKEWECGREWYGIQATNMWRCQDHDYHRDCKKCFQFYKLWSMWTIFYAGGTPFYEKWPVE,0
C1CC1N2C=C(C(=O)O)C3=CC(F)=C(N4CCNCC4)C=C3C2=O,SCDHWTKRGHSCRCIFGFMATMWEQHWSVTFCAFFRISGAHNMYGWSYQSQRLPNHLCFGIEDNKSHWNLTCVAAFVNMVDADDECK,0
CCN,HAMFWAHIIRILQKSMSLFDMSGKTDHSMMAGENEFETEGQNHWKIRVENCYQKVLEDYHTPPNAYQEWAVGWRIFVDKEYFRKIWCPLVDQKEATTQAYSVMLMQMPYTDGLFSLGFYVTFQFSANQMNYDFAGHK,0
CC1=C(C=C(C=C1)NC(=O)C2=CC=C(C=C2)CN3CCN(CC3)C)NC4=NC=CC(=N4)C5=CN=CC=C5,CCTQIFNCYSPIAKNCYRYFIIGMPCTYQIHRGSKQLSFIGNTQYTMVSIH,1
CC1(C)S[C@@H]2[C@H](NC(=O)Cc3ccccc3)C(=O)N2[C@H]1C(=O)O,GPLSQKDEPFVKTQSYAMQTGHQTWDKQRDWDLKRMPVPEGITHESLEDCCGTLPILTTDWCLEGEPGG,1
C1=CC=C(C=C1)C2=CC=CC=C2,CCTQIFNCYSPIAKNCYRYFIIGMPCTYQIHRGSKQLSFIGNTQYTMVSIH,0
CCCCC,DFSQRFPMWQHIIPYCWACQLHPISVQMENKIYAYDSQLKILSEWIIKDNSGYDGSVQGGLETTLYQCCPGYKIHSASKQYICNVCEECQQVPGWIRDMGAQMIICCAIYRQTYMIDCPVF,1
CCCCC,GLQLVIMCWQIYIFSWGTGKWGGVWQLRSKSSTQEVAPSDMSIYADRHFFRTFAPCCEKKHAHLMLSMSVAITTKWFAYTQPPLVKKEYVRDDCPVCRSDSTRIQEWKAKMAIDWSVSYENRFEAWWECGPTK,0
CCN,QFVSDKPRDIKNLNDQNEYGQRTMQSWGEYTIMFDNETPQSWPFNENCTGIMAHVSCKNRPYLEFIWCFDCQKKCQLLDKFDYGNRDL,1
CC(=O)Oc1ccccc1C(=O)O,LWMAHSTGGVKEYGCSRCQPMWKPRFPHRRTFYKITHLLFKCITACRMNDKTRSNMCWRQKGMVLTINIFERVGKGDYNQRCMRYYYSHYKYFMGDFRHYVQECCHWHGCCCTDADRFDGMCMMSHMDC,0
CC1(C)S[C@@H]2[C@H](NC(=O)Cc3ccccc3)C(=O)N2[C@H]1C(=O)O,LWMAHSTGGVKEYGCSRCQPMWKPRFPHRRTFYKITHLLFKCITACRMNDKTRSNMCWRQKGMVLTINIFERVGKGDYNQRCMRYYYSHYKYFMGDFRHYVQECCHWHGCCCTDADRFDGMCMMSHMDC,1
CO,GSEWCQPMVYDFAFWLSNGIQEVANDVCTNFLDESGTYTSSVANNEKVPGKLARMDSPLNTMKEWECGREWYGIQATNMWRCQDHDYHRDCKKCFQFYKLWSMWTIFYAGGTPFYEKWPVE,1
O=C(O)Cc1ccccc1,IDWLEYFKDIFDTPESDMNRNLTLSRESGMIYCICPQAREAQRSEACWYHEILHGTLWHVCAIPYIDILGTHPPYNLVQHKQMTIMCCPFFTVDTKGQDRILQSCRSNVAISQDVT,0
CC1(C(N2C(S1)C(C2=O)NC(=O)C(C3=CC=C(C=C3)O)N)C(=O)O)C,YHWRHHAAYCLTASPCNEVRYDQWIMRVVLCLGGPRHMSTDHPSWPISSLMKYHYDERCGIACLCRRGNWVNIRTCMGCMLCK,1
C1=CC=C(C=C1)C2=CC=CC=C2,IDWLEYFKDIFDTPESDMNRNLTLSRESGMIYCICPQAREAQRSEACWYHEILHGTLWHVCAIPYIDILGTHPPYNLVQHKQMTIMCCPFFTVDTKGQDRILQSCRSNVAISQDVT,0
c1ccccc1,GWYGVIMTEHVDNNQTVDYLIQRTCFRCMDDCCTFSAHNKTKNSTVARTYTESSTHKLVHCGLIGDGVHYDWSYEFPNASDVNSGVSILFPDCHKLYVKMF,1
CCCC,DFSQRFPMWQHIIPYCWACQLHPISVQMENKIYAYDSQLKILSEWIIKDNSGYDGSVQGGLETTLYQCCPGYKIHSASKQYICNVCEECQQVPGWIRDMGAQMIICCAIYRQTYMIDCPVF,0
C1=CC=C(C=C1)C2=CC=CC=C2,VELYKQPWVQHVDIELFLEECTCEAAQLFMSGEWFDMMAPSISRMVFPRESAFKMDHQFWTQWIVPVRDQNE,0
CC(=O)Nc1ccc(O)cc1,ELWFTWVFFNEDRAARLLFEKIKPHCRRLRHNNRHHTSCSNLDCSIKDQTKKSKSVNSLTILGEFNKGQMFREMFQCQVKHTSKKCMLHFKVPHAVVATNWITYDYRRYKYGNKKNAHDMTCRIEYLTEKGEAWCFPPRVINSHRMD,1
C1=CC=C(C=C1)C(=O)O,LWMAHSTGGVKEYGCSRCQPMWKPRFPHRRTFYKITHLLFKCITACRMNDKTRSNMCWRQKGMVLTINIFERVGKGDYNQRCMRYYYSHYKYFMGDFRHYVQECCHWHGCCCTDADRFDGMCMMSHMDC,0
CC(C)Cc1ccc(cc1)C(C)C(=O)O,QEPQMNIWYEYHANHWKTMAIDSVHRCFCLIVGNATIEHIGSAEIICCMTSVWITAKNDDPNALTIISTRFMNMDIFARQFAAFWYECNYVTGEEHGAPYCLMPQSKDTIYCLSWPNQMIGFKW,1
CCCCC,AHAPHSYIERAGGSKMPQFFQEMQLHKPPWHTTWPFRPKRGQGRDRAWPAWPSDERHTPQWPGCHDMRTIQYLEWLMLLAIGSAHDAYSTFFYQSD,0
CC1=C(C=C(C=C1)NC(=O)C2=CC=C(C=C2)CN3CCN(CC3)C)NC4=NC=CC(=N4)C5=CN=CC=C5,QFVSDKPRDIKNLNDQNEYGQRTMQSWGEYTIMFDNETPQSWPFNENCTGIMAHVSCKNRPYLEFIWCFDCQKKCQLLDKFDYGNRDL,0
C1=CC=C(C=C1)C2=CC=CC=C2,YHWRHHAAYCLTASPCNEVRYDQWIMRVVLCLGGPRHMSTDHPSWPISSLMKYHYDERCGIACLCRRGNWVNIRTCMGCMLCK,0
C1CC1N2C=C(C(=O)O)C3=CC(F)=C(N4CCNCC4)C=C3C2=O,GWYGVIMTEHVDNNQTVDYLIQRTCFRCMDDCCTFSAHNKTKNSTVARTYTESSTHKLVHCGLIGDGVHYDWSYEFPNASDVNSGVSILFPDCHKLYVKMF,0
CCC,TTWIRDFESYKHLKPNSWINQQRIGLAMNMWGNVSSKHRENKMIHHARHRRNRMRGGCLMEVYYYMCWCEIYQCSRVYIVRKICTTEWQRDCRVPPDIDPWIEVNWSPYVLD,1
CCCCC,AHTRIFYGTKTQNNRTLNYLIIDWNTGNEQQEMPHCLKYFWYNWRWTPQHKNIDAIGETGQTKLREPSTKMDNVRYIVATQKVRNSCGQQLKSSCKYHVWRTGIVGKGNFY,0
CCO,MLYQYKRFGPRHMTQFMNRLIMSFQDLRGKNEEIFESKNCTSFASYAWRRQMDHWELDLQYQKKMVTTLMSNISGVCCPGDCRRECFNCWFQEWKYKWCGPNW,0
O=C(C)O,SCDHWTKRGHSCRCIFGFMATMWEQHWSVTFCAFFRISGAHNMYGWSYQSQRLPNHLCFGIEDNKSHWNLTCVAAFVNMVDADDECK,1
C1=CC=C(C=C1)C(=O)O,AHTRIFYGTKTQNNRTLNYLIIDWNTGNEQQEMPHCLKYFWYNWRWTPQHKNIDAIGETGQTKLREPSTKMDNVRYIVATQKVRNSCGQQLKSSCKYHVWRTGIVGKGNFY,1
CC(C)Cc1ccc(cc1)C(C)C(=O)O,AHTRIFYGTKTQNNRTLNYLIIDWNTGNEQQEMPHCLKYFWYNWRWTPQHKNIDAIGETGQTKLREPSTKMDNVRYIVATQKVRNSCGQQLKSSCKYHVWRTGIVGKGNFY,0
CCCCC,CCTQIFNCYSPIAKNCYRYFIIGMPCTYQIHRGSKQLSFIGNTQYTMVSIH,1
c1ccccc1,SCDHWTKRGHSCRCIFGFMATMWEQHWSVTFCAFFRISGAHNMYGWSYQSQRLPNHLCFGIEDNKSHWNLTCVAAFVNMVDADDECK,0
CCO,QEYMFVKRHPIRPARIKAFPLRTKEIELECCINPFPALMTSMVATLDHHYDMQAYNKTVNMVYSDYSCKFQWDPHKKEAVWVKETWIEQMNHVCLKATKNCEYDSWMILGDWYNHLYQRQSFHCWWCHIEMQIV,1
c1ccccc1,QEPQMNIWYEYHANHWKTMAIDSVHRCFCLIVGNATIEHIGSAEIICCMTSVWITAKNDDPNALTIISTRFMNMDIFARQFAAFWYECNYVTGEEHGAPYCLMPQSKDTIYCLSWPNQMIGFKW,0
CC1(C(N2C(S1)C(C2=O)NC(=O)C(C3=CC=C(C=C3)O)N)C(=O)O)C,LWMAHSTGGVKEYGCSRCQPMWKPRFPHRRTFYKITHLLFKCITACRMNDKTRSNMCWRQKGMVLTINIFERVGKGDYNQRCMRYYYSHYKYFMGDFRHYVQECCHWHGCCCTDADRFDGMCMMSHMDC,1
CC(=O)Nc1ccc(O)cc1,GWYGVIMTEHVDNNQTVDYLIQRTCFRCMDDCCTFSAHNKTKNSTVARTYTESSTHKLVHCGLIGDGVHYDWSYEFPNASDVNSGVSILFPDCHKLYVKMF,0
O=C(C)O,DFSQRFPMWQHIIPYCWACQLHPISVQMENKIYAYDSQLKILSEWIIKDNSGYDGSVQGGLETTLYQCCPGYKIHSASKQYICNVCEECQQVPGWIRDMGAQMIICCAIYRQTYMIDCPVF,0
C1=CC=C(C=C1)C2=CC=CC=C2,MLVGTEAVFQGIKAKVRRHDEHLVFGTPDPVHMLFQWALGNECGPPEGHMYHGENRMKTLHTDHPDWP,0
CCN,MLYQYKRFGPRHMTQFMNRLIMSFQDLRGKNEEIFESKNCTSFASYAWRRQMDHWELDLQYQKKMVTTLMSNISGVCCPGDCRRECFNCWFQEWKYKWCGPNW,0
CC1=C(C=C(C=C1)NC(=O)C2=CC=C(C=C2)CN3CCN(CC3)C)NC4=NC=CC(=N4)C5=CN=CC=C5,QEPQMNIWYEYHANHWKTMAIDSVHRCFCLIVGNATIEHIGSAEIICCMTSVWITAKNDDPNALTIISTRFMNMDIFARQFAAFWYECNYVTGEEHGAPYCLMPQSKDTIYCLSWPNQMIGFKW,1
O=C(O)Cc1ccccc1,VELYKQPWVQHVDIELFLEECTCEAAQLFMSGEWFDMMAPSISRMVFPRESAFKMDHQFWTQWIVPVRDQNE,0
CCC,QEPQMNIWYEYHANHWKTMAIDSVHRCFCLIVGNATIEHIGSAEIICCMTSVWITAKNDDPNALTIISTRFMNMDIFARQFAAFWYECNYVTGEEHGAPYCLMPQSKDTIYCLSWPNQMIGFKW,1
CC(C)Cc1ccc(cc1)C(C)C(=O)O,NGFHDTELQMMAAIEPMTVLSQSHPIWNVIRERNIYKGYADRSGAHFNNVSGKCCCLDTAWKRLAWPHIRIFNMGKENHRPLKHPCFDMLIFRWYGCIALLIPGEPRNGIWCEPYMVQDLF,0
CC1(C(N2C(S1)C(C2=O)NC(=O)C(C3=CC=C(C=C3)O)N)C(=O)O)C,IDWLEYFKDIFDTPESDMNRNLTLSRESGMIYCICPQAREAQRSEACWYHEILHGTLWHVCAIPYIDILGTHPPYNLVQHKQMTIMCCPFFTVDTKGQDRILQSCRSNVAISQDVT,0
CCC,TIGSKHEFNSSFHLPSSYPHRVWWLYCCFADHEIYLIRACVWFWISLNIIGGLWECIVEVDNVWRHCMGRRRLYCNLLWTSFYIIGNPFYDFWSMPDYVTVAD,0
C1=CC=C(C=C1)C2=CC=CC=C2,GPLSQKDEPFVKTQSYAMQTGHQTWDKQRDWDLKRMPVPEGITHESLEDCCGTLPILTTDWCLEGEPGG,1
Cn1cnc2c1c(=O)n(C)c(=O)n2C,CCTQIFNCYSPIAKNCYRYFIIGMPCTYQIHRGSKQLSFIGNTQYTMVSIH,0
CO,AHTRIFYGTKTQNNRTLNYLIIDWNTGNEQQEMPHCLKYFWYNWRWTPQHKNIDAIGETGQTKLREPSTKMDNVRYIVATQKVRNSCGQQLKSSCKYHVWRTGIVGKGNFY,0
CCCC,ELWFTWVFFNEDRAARLLFEKIKPHCRRLRHNNRHHTSCSNLDCSIKDQTKKSKSVNSLTILGEFNKGQMFREMFQCQVKHTSKKCMLHFKVPHAVVATNWITYDYRRYKYGNKKNAHDMTCRIEYLTEKGEAWCFPPRVINSHRMD,0
CC(=O)Nc1ccc(O)cc1,DMNVTRKLIIWDEDHGLPTGLWKMKAWMPMEAGALDSNHRQRKHSKMAEILRDNAPMGWGMVMFILYSWEVRWVEWDTIQFASWVEIGCINPREC,1
CC(=O)Nc1ccc(O)cc1,QFVSDKPRDIKNLNDQNEYGQRTMQSWGEYTIMFDNETPQSWPFNENCTGIMAHVSCKNRPYLEFIWCFDCQKKCQLLDKFDYGNRDL,1
Cn1cnc2c1c(=O)n(C)c(=O)n2C,CCTQIFNCYSPIAKNCYRYFIIGMPCTYQIHRGSKQLSFIGNTQYTMVSIH,1
CC1(C)S[C@@H]2[C@H](NC(=O)Cc3ccccc3)C(=O)N2[C@H]1C(=O)O,QEPQMNIWYEYHANHWKTMAIDSVHRCFCLIVGNATIEHIGSAEIICCMTSVWITAKNDDPNALTIISTRFMNMDIFARQFAAFWYECNYVTGEEHGAPYCLMPQSKDTIYCLSWPNQMIGFKW,1
CCCCC,AHAPHSYIERAGGSKMPQFFQEMQLHKPPWHTTWPFRPKRGQGRDRAWPAWPSDERHTPQWPGCHDMRTIQYLEWLMLLAIGSAHDAYSTFFYQSD,0
C1=CC=C(C=C1)C2=CC=CC=C2,AHAPHSYIERAGGSKMPQFFQEMQLHKPPWHTTWPFRPKRGQGRDRAWPAWPSDERHTPQWPGCHDMRTIQYLEWLMLLAIGSAHDAYSTFFYQSD,1
CCN,IDWLEYFKDIFDTPESDMNRNLTLSRESGMIYCICPQAREAQRSEACWYHEILHGTLWHVCAIPYIDILGTHPPYNLVQHKQMTIMCCPFFTVDTKGQDRILQSCRSNVAISQDVT,0
CCO,DMNVTRKLIIWDEDHGLPTGLWKMKAWMPMEAGALDSNHRQRKHSKMAEILRDNAPMGWGMVMFILYSWEVRWVEWDTIQFASWVEIGCINPREC,0
CN1C=NC2=C1C(=O)N(C(=O)N2C)C,QEYMFVKRHPIRPARIKAFPLRTKEIELECCINPFPALMTSMVATLDHHYDMQAYNKTVNMVYSDYSCKFQWDPHKKEAVWVKETWIEQMNHVCLKATKNCEYDSWMILGDWYNHLYQRQSFHCWWCHIEMQIV,0
CC(=O)Oc1ccccc1C(=O)O,ILYFQRGWNMFMTHYHHWPGGSHTSYDFVGVITFQVYGYVPENECDHLKTAFPKTAMVFAWDMMRFQTR,0
C1=CC=C(C=C1)C(=O)O,IDWLEYFKDIFDTPESDMNRNLTLSRESGMIYCICPQAREAQRSEACWYHEILHGTLWHVCAIPYIDILGTHPPYNLVQHKQMTIMCCPFFTVDTKGQDRILQSCRSNVAISQDVT,0
CCCCC,DFSQRFPMWQHIIPYCWACQLHPISVQMENKIYAYDSQLKILSEWIIKDNSGYDGSVQGGLETTLYQCCPGYKIHSASKQYICNVCEECQQVPGWIRDMGAQMIICCAIYRQTYMIDCPVF,1
CC1=C(C=C(C=C1)NC(=O)C2=CC=C(C=C2)CN3CCN(CC3)C)NC4=NC=CC(=N4)C5=CN=CC=C5,TIGSKHEFNSSFHLPSSYPHRVWWLYCCFADHEIYLIRACVWFWISLNIIGGLWECIVEVDNVWRHCMGRRRLYCNLLWTSFYIIGNPFYDFWSMPDYVTVAD,1
CC(=O)Nc1ccc(O)cc1,LWMAHSTGGVKEYGCSRCQPMWKPRFPHRRTFYKITHLLFKCITACRMNDKTRSNMCWRQKGMVLTINIFERVGKGDYNQRCMRYYYSHYKYFMGDFRHYVQECCHWHGCCCTDADRFDGMCMMSHMDC,1
Cn1cnc2c1c(=O)n(C)c(=O)n2C,AHAPHSYIERAGGSKMPQFFQEMQLHKPPWHTTWPFRPKRGQGRDRAWPAWPSDERHTPQWPGCHDMRTIQYLEWLMLLAIGSAHDAYSTFFYQSD,1
c1ccccc1,QEYMFVKRHPIRPARIKAFPLRTKEIELECCINPFPALMTSMVATLDHHYDMQAYNKTVNMVYSDYSCKFQWDPHKKEAVWVKETWIEQMNHVCLKATKNCEYDSWMILGDWYNHLYQRQSFHCWWCHIEMQIV,0
CCCC,AHTRIFYGTKTQNNRTLNYLIIDWNTGNEQQEMPHCLKYFWYNWRWTPQHKNIDAIGETGQTKLREPSTKMDNVRYIVATQKVRNSCGQQLKSSCKYHVWRTGIVGKGNFY,0
CCN,QEYMFVKRHPIRPARIKAFPLRTKEIELECCINPFPALMTSMVATLDHHYDMQAYNKTVNMVYSDYSCKFQWDPHKKEAVWVKETWIEQMNHVCLKATKNCEYDSWMILGDWYNHLYQRQSFHCWWCHIEMQIV,0
Cn1cnc2c1c(=O)n(C)c(=O)n2C,DFSQRFPMWQHIIPYCWACQLHPISVQMENKIYAYDSQLKILSEWIIKDNSGYDGSVQGGLETTLYQCCPGYKIHSASKQYICNVCEECQQVPGWIRDMGAQMIICCAIYRQTYMIDCPVF,0
Cn1cnc2c1c(=O)n(C)c(=O)n2C,GWYGVIMTEHVDNNQTVDYLIQRTCFRCMDDCCTFSAHNKTKNSTVARTYTESSTHKLVHCGLIGDGVHYDWSYEFPNASDVNSGVSILFPDCHKLYVKMF,0
CC1=C(C=C(C=C1)NC(=O)C2=CC=C(C=C2)CN3CCN(CC3)C)NC4=NC=CC(=N4)C5=CN=CC=C5,SCDHWTKRGHSCRCIFGFMATMWEQHWSVTFCAFFRISGAHNMYGWSYQSQRLPNHLCFGIEDNKSHWNLTCVAAFVNMVDADDECK,0
O=C(O)Cc1ccccc1,GSEWCQPMVYDFAFWLSNGIQEVANDVCTNFLDESGTYTSSVANNEKVPGKLARMDSPLNTMKEWECGREWYGIQATNMWRCQDHDYHRDCKKCFQFYKLWSMWTIFYAGGTPFYEKWPVE,0
CC1(C)S[C@@H]2[C@H](NC(=O)Cc3ccccc3)C(=O)N2[C@H]1C(=O)O,VELYKQPWVQHVDIELFLEECTCEAAQLFMSGEWFDMMAPSISRMVFPRESAFKMDHQFWTQWIVPVRDQNE,0
CC1=C(C=C(C=C1)NC(=O)C2=CC=C(C=C2)CN3CCN(CC3)C)NC4=NC=CC(=N4)C5=CN=CC=C5,DFSQRFPMWQHIIPYCWACQLHPISVQMENKIYAYDSQLKILSEWIIKDNSGYDGSVQGGLETTLYQCCPGYKIHSASKQYICNVCEECQQVPGWIRDMGAQMIICCAIYRQTYMIDCPVF,1
C1CC1N2C=C(C(=O)O)C3=CC(F)=C(N4CCNCC4)C=C3C2=O,LWMAHSTGGVKEYGCSRCQPMWKPRFPHRRTFYKITHLLFKCITACRMNDKTRSNMCWRQKGMVLTINIFERVGKGDYNQRCMRYYYSHYKYFMGDFRHYVQECCHWHGCCCTDADRFDGMCMMSHMDC,1
CC1(C)S[C@@H]2[C@H](NC(=O)Cc3ccccc3)C(=O)N2[C@H]1C(=O)O,SCDHWTKRGHSCRCIFGFMATMWEQHWSVTFCAFFRISGAHNMYGWSYQSQRLPNHLCFGIEDNKSHWNLTCVAAFVNMVDADDECK,1
C1=CC=C(C=C1)C(=O)O,NGFHDTELQMMAAIEPMTVLSQSHPIWNVIRERNIYKGYADRSGAHFNNVSGKCCCLDTAWKRLAWPHIRIFNMGKENHRPLKHPCFDMLIFRWYGCIALLIPGEPRNGIWCEPYMVQDLF,1
CCCC,AHAPHSYIERAGGSKMPQFFQEMQLHKPPWHTTWPFRPKRGQGRDRAWPAWPSDERHTPQWPGCHDMRTIQYLEWLMLLAIGSAHDAYSTFFYQSD,0
CN1C=NC2=C1C(=O)N(C(=O)N2C)C,VELYKQPWVQHVDIELFLEECTCEAAQLFMSGEWFDMMAPSISRMVFPRESAFKMDHQFWTQWIVPVRDQNE,1
CC(=O)Nc1ccc(O)cc1,DFSQRFPMWQHIIPYCWACQLHPISVQMENKIYAYDSQLKILSEWIIKDNSGYDGSVQGGLETTLYQCCPGYKIHSASKQYICNVCEECQQVPGWIRDMGAQMIICCAIYRQTYMIDCPVF,1
CC1(C(N2C(S1)C(C2=O)NC(=O)C(C3=CC=C(C=C3)O)N)C(=O)O)C,TTWIRDFESYKHLKPNSWINQQRIGLAMNMWGNVSSKHRENKMIHHARHRRNRMRGGCLMEVYYYMCWCEIYQCSRVYIVRKICTTEWQRDCRVPPDIDPWIEVNWSPYVLD,1
CCN,QEYMFVKRHPIRPARIKAFPLRTKEIELECCINPFPALMTSMVATLDHHYDMQAYNKTVNMVYSDYSCKFQWDPHKKEAVWVKETWIEQMNHVCLKATKNCEYDSWMILGDWYNHLYQRQSFHCWWCHIEMQIV,0
C1CC1N2C=C(C(=O)O)C3=CC(F)=C(N4CCNCC4)C=C3C2=O,QEPQMNIWYEYHANHWKTMAIDSVHRCFCLIVGNATIEHIGSAEIICCMTSVWITAKNDDPNALTIISTRFMNMDIFARQFAAFWYECNYVTGEEHGAPYCLMPQSKDTIYCLSWPNQMIGFKW,1
CC1(C)S[C@@H]2[C@H](NC(=O)Cc3ccccc3)C(=O)N2[C@H]1C(=O)O,AHTRIFYGTKTQNNRTLNYLIIDWNTGNEQQEMPHCLKYFWYNWRWTPQHKNIDAIGETGQTKLREPSTKMDNVRYIVATQKVRNSCGQQLKSSCKYHVWRTGIVGKGNFY,0
CCN,LWMAHSTGGVKEYGCSRCQPMWKPRFPHRRTFYKITHLLFKCITACRMNDKTRSNMCWRQKGMVLTINIFERVGKGDYNQRCMRYYYSHYKYFMGDFRHYVQECCHWHGCCCTDADRFDGMCMMSHMDC,0
O=C(O)Cc1ccccc1,GPLSQKDEPFVKTQSYAMQTGHQTWDKQRDWDLKRMPVPEGITHESLEDCCGTLPILTTDWCLEGEPGG,0
C1CC1N2C=C(C(=O)O)C3=CC(F)=C(N4CCNCC4)C=C3C2=O,GPLSQKDEPFVKTQSYAMQTGHQTWDKQRDWDLKRMPVPEGITHESLEDCCGTLPILTTDWCLEGEPGG,1
CO,NGFHDTELQMMAAIEPMTVLSQSHPIWNVIRERNIYKGYADRSGAHFNNVSGKCCCLDTAWKRLAWPHIRIFNMGKENHRPLKHPCFDMLIFRWYGCIALLIPGEPRNGIWCEPYMVQDLF,1
CC1(C)S[C@@H]2[C@H](NC(=O)Cc3ccccc3)C(=O)N2[C@H]1C(=O)O,AHAPHSYIERAGGSKMPQFFQEMQLHKPPWHTTWPFRPKRGQGRDRAWPAWPSDERHTPQWPGCHDMRTIQYLEWLMLLAIGSAHDAYSTFFYQSD,1
c1ccccc1,MLYQYKRFGPRHMTQFMNRLIMSFQDLRGKNEEIFESKNCTSFASYAWRRQMDHWELDLQYQKKMVTTLMSNISGVCCPGDCRRECFNCWFQEWKYKWCGPNW,1
CC(=O)Oc1ccccc1C(=O)O,TIGSKHEFNSSFHLPSSYPHRVWWLYCCFADHEIYLIRACVWFWISLNIIGGLWECIVEVDNVWRHCMGRRRLYCNLLWTSFYIIGNPFYDFWSMPDYVTVAD,0
O=C(O)Cc1ccccc1,VELYKQPWVQHVDIELFLEECTCEAAQLFMSGEWFDMMAPSISRMVFPRESAFKMDHQFWTQWIVPVRDQNE,0
C1=CC=C(C=C1)C(=O)O,GWYGVIMTEHVDNNQTVDYLIQRTCFRCMDDCCTFSAHNKTKNSTVARTYTESSTHKLVHCGLIGDGVHYDWSYEFPNASDVNSGVSILFPDCHKLYVKMF,0
CCN,AHTRIFYGTKTQNNRTLNYLIIDWNTGNEQQEMPHCLKYFWYNWRWTPQHKNIDAIGETGQTKLREPSTKMDNVRYIVATQKVRNSCGQQLKSSCKYHVWRTGIVGKGNFY,0
CCN,AHAPHSYIERAGGSKMPQFFQEMQLHKPPWHTTWPFRPKRGQGRDRAWPAWPSDERHTPQWPGCHDMRTIQYLEWLMLLAIGSAHDAYSTFFYQSD,0
c1ccccc1,CCTQIFNCYSPIAKNCYRYFIIGMPCTYQIHRGSKQLSFIGNTQYTMVSIH,0
